id_verif;id_worker;id_sys;id_machine;status;details;deleted;creation_date;user_creation;modification_date;user_modification
1;1;1;1;OK;Statut : OK;FALSE;2023-05-04 17:26:53;2;2023-05-04 17:26:53;2
2;1;1;1;OK;Statut : OK;FALSE;2023-05-05 17:26:53;2;2023-05-05 17:26:53;2
3;1;1;1;OK;Statut : OK;FALSE;2023-05-06 17:26:53;2;2023-05-06 17:26:53;2
4;1;1;1;OK;Statut : OK;FALSE;2023-05-07 17:26:53;2;2023-05-07 17:26:53;2
5;1;1;1;OK;Statut : OK;FALSE;2023-05-08 17:26:53;2;2023-05-08 17:26:53;2
6;1;1;1;OK;Statut : OK;FALSE;2023-05-09 17:26:53;2;2023-05-09 17:26:53;2
7;1;1;1;OK;Statut : OK;FALSE;2023-05-10 17:26:53;2;2023-05-10 17:26:53;2
8;1;1;1;OK;Statut : OK;FALSE;2023-05-11 17:26:53;2;2023-05-11 17:26:53;2
9;1;1;1;OK;Statut : OK;FALSE;2023-05-12 17:26:53;2;2023-05-12 17:26:53;2
10;1;1;1;OK;Statut : OK;FALSE;2023-05-13 17:26:53;2;2023-05-13 17:26:53;2
11;1;1;1;OK;Statut : OK;FALSE;2023-05-14 17:26:53;2;2023-05-14 17:26:53;2
12;1;1;1;OK;Statut : OK;FALSE;2023-05-15 17:26:53;2;2023-05-15 17:26:53;2
13;1;1;1;OK;Statut : OK;FALSE;2023-05-16 17:26:53;2;2023-05-16 17:26:53;2
14;1;1;1;OK;Statut : OK;FALSE;2023-05-17 17:26:53;2;2023-05-17 17:26:53;2
15;1;1;1;OK;Statut : OK;FALSE;2023-05-18 17:26:53;2;2023-05-18 17:26:53;2
16;1;1;1;OK;Statut : OK;FALSE;2023-05-19 17:26:53;2;2023-05-19 17:26:53;2
17;1;1;1;OK;Statut : OK;FALSE;2023-05-20 17:26:53;2;2023-05-20 17:26:53;2
18;1;1;1;OK;Statut : OK;FALSE;2023-05-21 17:26:53;2;2023-05-21 17:26:53;2
19;1;1;1;OK;Statut : OK;FALSE;2023-05-22 17:26:53;2;2023-05-22 17:26:53;2
20;1;1;1;OK;Statut : OK;FALSE;2023-05-23 17:26:53;2;2023-05-23 17:26:53;2
21;1;1;1;OK;Statut : OK;FALSE;2023-05-24 17:26:53;2;2023-05-24 17:26:53;2
22;1;1;1;OK;Statut : OK;FALSE;2023-05-25 17:26:53;2;2023-05-25 17:26:53;2
23;1;1;1;OK;Statut : OK;FALSE;2023-05-26 17:26:53;2;2023-05-26 17:26:53;2
24;1;1;1;OK;Statut : OK;FALSE;2023-05-27 17:26:53;2;2023-05-27 17:26:53;2
25;1;1;1;OK;Statut : OK;FALSE;2023-05-28 17:26:53;2;2023-05-28 17:26:53;2
26;1;1;1;OK;Statut : OK;FALSE;2023-05-29 17:26:53;2;2023-05-29 17:26:53;2
27;1;1;1;OK;Statut : OK;FALSE;2023-05-30 17:26:53;2;2023-05-30 17:26:53;2
28;1;1;1;OK;Statut : OK;FALSE;2023-05-31 17:26:53;2;2023-05-31 17:26:53;2
29;1;1;1;OK;Statut : OK;FALSE;2023-06-01 17:26:53;2;2023-06-01 17:26:53;2
30;1;1;1;OK;Statut : OK;FALSE;2023-06-02 17:26:53;2;2023-06-02 17:26:53;2
31;1;1;1;OK;Statut : OK;FALSE;2023-06-03 17:26:53;2;2023-06-03 17:26:53;2
32;1;1;1;OK;Statut : OK;FALSE;2023-06-04 17:26:53;2;2023-06-04 17:26:53;2
33;1;1;1;OK;Statut : OK;FALSE;2023-06-05 17:26:53;2;2023-06-05 17:26:53;2
34;1;1;1;OK;Statut : OK;FALSE;2023-06-06 17:26:53;2;2023-06-06 17:26:53;2
35;1;1;1;OK;Statut : OK;FALSE;2023-06-07 17:26:53;2;2023-06-07 17:26:53;2
36;1;1;1;OK;Statut : OK;FALSE;2023-06-08 17:26:53;2;2023-06-08 17:26:53;2
37;1;1;1;OK;Statut : OK;FALSE;2023-06-09 17:26:53;2;2023-06-09 17:26:53;2
38;1;1;1;OK;Statut : OK;FALSE;2023-06-10 17:26:53;2;2023-06-10 17:26:53;2
39;1;1;1;OK;Statut : OK;FALSE;2023-06-11 17:26:53;2;2023-06-11 17:26:53;2
40;1;1;1;OK;Statut : OK;FALSE;2023-06-12 17:26:53;2;2023-06-12 17:26:53;2
41;1;1;1;OK;Statut : OK;FALSE;2023-06-13 17:26:53;2;2023-06-13 17:26:53;2
42;1;1;1;OK;Statut : OK;FALSE;2023-06-14 17:26:53;2;2023-06-14 17:26:53;2
43;1;1;1;OK;Statut : OK;FALSE;2023-06-15 17:26:53;2;2023-06-15 17:26:53;2
44;1;1;1;OK;Statut : OK;FALSE;2023-06-16 17:26:53;2;2023-06-16 17:26:53;2
45;1;1;1;OK;Statut : OK;FALSE;2023-06-17 17:26:53;2;2023-06-17 17:26:53;2
46;1;1;1;OK;Statut : OK;FALSE;2023-06-18 17:26:53;2;2023-06-18 17:26:53;2
47;1;1;1;OK;Statut : OK;FALSE;2023-06-19 17:26:53;2;2023-06-19 17:26:53;2
48;1;1;1;OK;Statut : OK;FALSE;2023-06-20 17:26:53;2;2023-06-20 17:26:53;2
49;1;1;1;OK;Statut : OK;FALSE;2023-06-21 17:26:53;2;2023-06-21 17:26:53;2
50;1;1;1;OK;Statut : OK;FALSE;2023-06-22 17:26:53;2;2023-06-22 17:26:53;2
51;1;1;1;OK;Statut : OK;FALSE;2023-06-23 17:26:53;2;2023-06-23 17:26:53;2
52;1;1;1;WARN;Statut : WARN;FALSE;2023-06-24 17:26:53;2;2023-06-24 17:26:53;2
53;1;1;1;OK;Statut : OK;FALSE;2023-06-25 17:26:53;2;2023-06-25 17:26:53;2
54;1;1;1;OK;Statut : OK;FALSE;2023-06-26 17:26:53;2;2023-06-26 17:26:53;2
55;1;1;1;OK;Statut : OK;FALSE;2023-06-27 17:26:53;2;2023-06-27 17:26:53;2
56;1;1;1;OK;Statut : OK;FALSE;2023-06-28 17:26:53;2;2023-06-28 17:26:53;2
57;1;1;1;OK;Statut : OK;FALSE;2023-06-29 17:26:53;2;2023-06-29 17:26:53;2
58;1;1;1;OK;Statut : OK;FALSE;2023-06-30 17:26:53;2;2023-06-30 17:26:53;2
59;1;1;1;OK;Statut : OK;FALSE;2023-07-01 17:26:53;2;2023-07-01 17:26:53;2
60;1;1;1;OK;Statut : OK;FALSE;2023-07-02 17:26:53;2;2023-07-02 17:26:53;2
61;1;1;1;OK;Statut : OK;FALSE;2023-07-03 17:26:53;2;2023-07-03 17:26:53;2
62;1;1;1;OK;Statut : OK;FALSE;2023-07-04 17:26:53;2;2023-07-04 17:26:53;2
63;1;1;1;OK;Statut : OK;FALSE;2023-07-05 17:26:53;2;2023-07-05 17:26:53;2
64;1;1;1;OK;Statut : OK;FALSE;2023-07-06 17:26:53;2;2023-07-06 17:26:53;2
65;1;1;1;OK;Statut : OK;FALSE;2023-07-07 17:26:53;2;2023-07-07 17:26:53;2
66;1;1;1;OK;Statut : OK;FALSE;2023-07-08 17:26:53;2;2023-07-08 17:26:53;2
67;1;1;1;OK;Statut : OK;FALSE;2023-07-09 17:26:53;2;2023-07-09 17:26:53;2
68;1;1;1;OK;Statut : OK;FALSE;2023-07-10 17:26:53;2;2023-07-10 17:26:53;2
69;1;1;1;OK;Statut : OK;FALSE;2023-07-11 17:26:53;2;2023-07-11 17:26:53;2
70;1;1;1;OK;Statut : OK;FALSE;2023-07-12 17:26:53;2;2023-07-12 17:26:53;2
71;1;1;1;OK;Statut : OK;FALSE;2023-07-13 17:26:53;2;2023-07-13 17:26:53;2
72;1;1;1;OK;Statut : OK;FALSE;2023-07-14 17:26:53;2;2023-07-14 17:26:53;2
73;1;1;1;OK;Statut : OK;FALSE;2023-07-15 17:26:53;2;2023-07-15 17:26:53;2
74;1;1;1;OK;Statut : OK;FALSE;2023-07-16 17:26:53;2;2023-07-16 17:26:53;2
75;1;1;1;OK;Statut : OK;FALSE;2023-07-17 17:26:53;2;2023-07-17 17:26:53;2
76;1;1;1;OK;Statut : OK;FALSE;2023-07-18 17:26:53;2;2023-07-18 17:26:53;2
77;1;1;1;OK;Statut : OK;FALSE;2023-07-19 17:26:53;2;2023-07-19 17:26:53;2
78;1;1;1;OK;Statut : OK;FALSE;2023-07-20 17:26:53;2;2023-07-20 17:26:53;2
79;1;1;1;OK;Statut : OK;FALSE;2023-07-21 17:26:53;2;2023-07-21 17:26:53;2
80;1;1;1;OK;Statut : OK;FALSE;2023-07-22 17:26:53;2;2023-07-22 17:26:53;2
81;1;1;1;OK;Statut : OK;FALSE;2023-07-23 17:26:53;2;2023-07-23 17:26:53;2
82;1;1;1;OK;Statut : OK;FALSE;2023-07-24 17:26:53;2;2023-07-24 17:26:53;2
83;1;1;1;OK;Statut : OK;FALSE;2023-07-25 17:26:53;2;2023-07-25 17:26:53;2
84;1;1;1;OK;Statut : OK;FALSE;2023-07-26 17:26:53;2;2023-07-26 17:26:53;2
85;1;1;1;OK;Statut : OK;FALSE;2023-07-27 17:26:53;2;2023-07-27 17:26:53;2
86;1;1;1;OK;Statut : OK;FALSE;2023-07-28 17:26:53;2;2023-07-28 17:26:53;2
87;1;1;1;OK;Statut : OK;FALSE;2023-07-29 17:26:53;2;2023-07-29 17:26:53;2
88;1;1;1;OK;Statut : OK;FALSE;2023-07-30 17:26:53;2;2023-07-30 17:26:53;2
89;1;1;1;OK;Statut : OK;FALSE;2023-07-31 17:26:53;2;2023-07-31 17:26:53;2
90;1;1;1;OK;Statut : OK;FALSE;2023-08-01 17:26:53;2;2023-08-01 17:26:53;2
91;1;1;1;OK;Statut : OK;FALSE;2023-08-02 17:26:53;2;2023-08-02 17:26:53;2
92;1;1;1;OK;Statut : OK;FALSE;2023-08-03 17:26:53;2;2023-08-03 17:26:53;2
93;1;1;1;OK;Statut : OK;FALSE;2023-08-04 17:26:53;2;2023-08-04 17:26:53;2
94;1;1;1;OK;Statut : OK;FALSE;2023-08-05 17:26:53;2;2023-08-05 17:26:53;2
95;1;1;1;OK;Statut : OK;FALSE;2023-08-06 17:26:53;2;2023-08-06 17:26:53;2
96;1;1;1;WARN;Statut : WARN;FALSE;2023-08-07 17:26:53;2;2023-08-07 17:26:53;2
97;1;1;1;OK;Statut : OK;FALSE;2023-08-08 17:26:53;2;2023-08-08 17:26:53;2
98;1;1;1;OK;Statut : OK;FALSE;2023-08-09 17:26:53;2;2023-08-09 17:26:53;2
99;1;1;1;OK;Statut : OK;FALSE;2023-08-10 17:26:53;2;2023-08-10 17:26:53;2
100;1;1;1;OK;Statut : OK;FALSE;2023-08-11 17:26:53;2;2023-08-11 17:26:53;2
101;1;1;1;OK;Statut : OK;FALSE;2023-08-12 17:26:53;2;2023-08-12 17:26:53;2
102;1;1;1;OK;Statut : OK;FALSE;2023-08-13 17:26:53;2;2023-08-13 17:26:53;2
103;1;1;1;OK;Statut : OK;FALSE;2023-08-14 17:26:53;2;2023-08-14 17:26:53;2
104;1;1;1;OK;Statut : OK;FALSE;2023-08-15 17:26:53;2;2023-08-15 17:26:53;2
105;1;1;1;OK;Statut : OK;FALSE;2023-08-16 17:26:53;2;2023-08-16 17:26:53;2
106;1;1;1;OK;Statut : OK;FALSE;2023-08-17 17:26:53;2;2023-08-17 17:26:53;2
107;1;1;1;OK;Statut : OK;FALSE;2023-08-18 17:26:53;2;2023-08-18 17:26:53;2
108;1;1;1;OK;Statut : OK;FALSE;2023-08-19 17:26:53;2;2023-08-19 17:26:53;2
109;1;1;1;OK;Statut : OK;FALSE;2023-08-20 17:26:53;2;2023-08-20 17:26:53;2
110;1;1;1;OK;Statut : OK;FALSE;2023-08-21 17:26:53;2;2023-08-21 17:26:53;2
111;1;1;1;OK;Statut : OK;FALSE;2023-08-22 17:26:53;2;2023-08-22 17:26:53;2
112;1;1;1;OK;Statut : OK;FALSE;2023-08-23 17:26:53;2;2023-08-23 17:26:53;2
113;1;1;1;OK;Statut : OK;FALSE;2023-08-24 17:26:53;2;2023-08-24 17:26:53;2
114;1;1;1;OK;Statut : OK;FALSE;2023-08-25 17:26:53;2;2023-08-25 17:26:53;2
115;1;1;1;WARN;Statut : WARN;FALSE;2023-08-26 17:26:53;2;2023-08-26 17:26:53;2
116;1;1;1;OK;Statut : OK;FALSE;2023-08-27 17:26:53;2;2023-08-27 17:26:53;2
117;1;1;1;OK;Statut : OK;FALSE;2023-08-28 17:26:53;2;2023-08-28 17:26:53;2
118;1;1;1;OK;Statut : OK;FALSE;2023-08-29 17:26:53;2;2023-08-29 17:26:53;2
119;1;1;1;OK;Statut : OK;FALSE;2023-08-30 17:26:53;2;2023-08-30 17:26:53;2
120;1;1;1;OK;Statut : OK;FALSE;2023-08-31 17:26:53;2;2023-08-31 17:26:53;2
121;1;1;1;OK;Statut : OK;FALSE;2023-09-01 17:26:53;2;2023-09-01 17:26:53;2
122;1;1;1;WARN;Statut : WARN;FALSE;2023-09-02 17:26:53;2;2023-09-02 17:26:53;2
123;1;1;1;OK;Statut : OK;FALSE;2023-09-03 17:26:53;2;2023-09-03 17:26:53;2
124;1;1;1;OK;Statut : OK;FALSE;2023-09-04 17:26:53;2;2023-09-04 17:26:53;2
125;1;1;1;OK;Statut : OK;FALSE;2023-09-05 17:26:53;2;2023-09-05 17:26:53;2
126;1;1;1;OK;Statut : OK;FALSE;2023-09-06 17:26:53;2;2023-09-06 17:26:53;2
127;1;1;1;OK;Statut : OK;FALSE;2023-09-07 17:26:53;2;2023-09-07 17:26:53;2
128;1;1;1;OK;Statut : OK;FALSE;2023-09-08 17:26:53;2;2023-09-08 17:26:53;2
129;1;1;1;OK;Statut : OK;FALSE;2023-09-09 17:26:53;2;2023-09-09 17:26:53;2
130;1;1;1;OK;Statut : OK;FALSE;2023-09-10 17:26:53;2;2023-09-10 17:26:53;2
131;1;1;1;OK;Statut : OK;FALSE;2023-09-11 17:26:53;2;2023-09-11 17:26:53;2
132;1;1;1;OK;Statut : OK;FALSE;2023-09-12 17:26:53;2;2023-09-12 17:26:53;2
133;1;1;1;OK;Statut : OK;FALSE;2023-09-13 17:26:53;2;2023-09-13 17:26:53;2
134;1;1;1;OK;Statut : OK;FALSE;2023-09-14 17:26:53;2;2023-09-14 17:26:53;2
135;1;1;1;OK;Statut : OK;FALSE;2023-09-15 17:26:53;2;2023-09-15 17:26:53;2
136;1;1;1;OK;Statut : OK;FALSE;2023-09-16 17:26:53;2;2023-09-16 17:26:53;2
137;1;1;1;OK;Statut : OK;FALSE;2023-09-17 17:26:53;2;2023-09-17 17:26:53;2
138;1;1;1;OK;Statut : OK;FALSE;2023-09-18 17:26:53;2;2023-09-18 17:26:53;2
139;1;1;1;OK;Statut : OK;FALSE;2023-09-19 17:26:53;2;2023-09-19 17:26:53;2
140;1;1;1;OK;Statut : OK;FALSE;2023-09-20 17:26:53;2;2023-09-20 17:26:53;2
141;1;1;1;OK;Statut : OK;FALSE;2023-09-21 17:26:53;2;2023-09-21 17:26:53;2
142;1;1;1;OK;Statut : OK;FALSE;2023-09-22 17:26:53;2;2023-09-22 17:26:53;2
143;1;1;1;OK;Statut : OK;FALSE;2023-09-23 17:26:53;2;2023-09-23 17:26:53;2
144;1;1;1;WARN;Statut : WARN;FALSE;2023-09-24 17:26:53;2;2023-09-24 17:26:53;2
145;1;1;1;OK;Statut : OK;FALSE;2023-09-25 17:26:53;2;2023-09-25 17:26:53;2
146;1;1;1;OK;Statut : OK;FALSE;2023-09-26 17:26:53;2;2023-09-26 17:26:53;2
147;1;1;1;OK;Statut : OK;FALSE;2023-09-27 17:26:53;2;2023-09-27 17:26:53;2
148;1;1;1;OK;Statut : OK;FALSE;2023-09-28 17:26:53;2;2023-09-28 17:26:53;2
149;1;1;1;OK;Statut : OK;FALSE;2023-09-29 17:26:53;2;2023-09-29 17:26:53;2
150;1;1;1;OK;Statut : OK;FALSE;2023-09-30 17:26:53;2;2023-09-30 17:26:53;2
151;1;1;1;OK;Statut : OK;FALSE;2023-10-01 17:26:53;2;2023-10-01 17:26:53;2
152;1;1;1;OK;Statut : OK;FALSE;2023-10-02 17:26:53;2;2023-10-02 17:26:53;2
153;1;1;1;OK;Statut : OK;FALSE;2023-10-03 17:26:53;2;2023-10-03 17:26:53;2
154;1;1;1;OK;Statut : OK;FALSE;2023-10-04 17:26:53;2;2023-10-04 17:26:53;2
155;1;1;1;OK;Statut : OK;FALSE;2023-10-05 17:26:53;2;2023-10-05 17:26:53;2
156;1;1;1;OK;Statut : OK;FALSE;2023-10-06 17:26:53;2;2023-10-06 17:26:53;2
157;1;1;1;OK;Statut : OK;FALSE;2023-10-07 17:26:53;2;2023-10-07 17:26:53;2
158;1;1;1;OK;Statut : OK;FALSE;2023-10-08 17:26:53;2;2023-10-08 17:26:53;2
159;1;1;1;OK;Statut : OK;FALSE;2023-10-09 17:26:53;2;2023-10-09 17:26:53;2
160;1;1;1;OK;Statut : OK;FALSE;2023-10-10 17:26:53;2;2023-10-10 17:26:53;2
161;1;1;1;OK;Statut : OK;FALSE;2023-10-11 17:26:53;2;2023-10-11 17:26:53;2
162;1;1;1;OK;Statut : OK;FALSE;2023-10-12 17:26:53;2;2023-10-12 17:26:53;2
163;1;1;1;OK;Statut : OK;FALSE;2023-10-13 17:26:53;2;2023-10-13 17:26:53;2
164;1;1;1;OK;Statut : OK;FALSE;2023-10-14 17:26:53;2;2023-10-14 17:26:53;2
165;1;1;1;OK;Statut : OK;FALSE;2023-10-15 17:26:53;2;2023-10-15 17:26:53;2
166;1;1;1;OK;Statut : OK;FALSE;2023-10-16 17:26:53;2;2023-10-16 17:26:53;2
167;1;1;1;OK;Statut : OK;FALSE;2023-10-17 17:26:53;2;2023-10-17 17:26:53;2
168;1;1;1;WARN;Statut : WARN;FALSE;2023-10-18 17:26:53;2;2023-10-18 17:26:53;2
169;1;1;1;OK;Statut : OK;FALSE;2023-10-19 17:26:53;2;2023-10-19 17:26:53;2
170;1;1;1;OK;Statut : OK;FALSE;2023-10-20 17:26:53;2;2023-10-20 17:26:53;2
171;1;1;1;OK;Statut : OK;FALSE;2023-10-21 17:26:53;2;2023-10-21 17:26:53;2
172;1;1;1;OK;Statut : OK;FALSE;2023-10-22 17:26:53;2;2023-10-22 17:26:53;2
173;1;1;1;OK;Statut : OK;FALSE;2023-10-23 17:26:53;2;2023-10-23 17:26:53;2
174;1;1;1;OK;Statut : OK;FALSE;2023-10-24 17:26:53;2;2023-10-24 17:26:53;2
175;1;1;1;OK;Statut : OK;FALSE;2023-10-25 17:26:53;2;2023-10-25 17:26:53;2
176;1;1;1;OK;Statut : OK;FALSE;2023-10-26 17:26:53;2;2023-10-26 17:26:53;2
177;1;1;1;OK;Statut : OK;FALSE;2023-10-27 17:26:53;2;2023-10-27 17:26:53;2
178;1;1;1;OK;Statut : OK;FALSE;2023-10-28 17:26:53;2;2023-10-28 17:26:53;2
179;1;1;1;OK;Statut : OK;FALSE;2023-10-29 17:26:53;2;2023-10-29 17:26:53;2
180;1;1;1;OK;Statut : OK;FALSE;2023-10-30 17:26:53;2;2023-10-30 17:26:53;2
181;1;1;1;OK;Statut : OK;FALSE;2023-10-31 17:26:53;2;2023-10-31 17:26:53;2
182;1;1;1;OK;Statut : OK;FALSE;2023-11-01 17:26:53;2;2023-11-01 17:26:53;2
183;1;1;1;OK;Statut : OK;FALSE;2023-11-02 17:26:53;2;2023-11-02 17:26:53;2
184;1;1;1;OK;Statut : OK;FALSE;2023-11-03 17:26:53;2;2023-11-03 17:26:53;2
185;1;1;1;OK;Statut : OK;FALSE;2023-11-04 17:26:53;2;2023-11-04 17:26:53;2
186;1;1;1;OK;Statut : OK;FALSE;2023-11-05 17:26:53;2;2023-11-05 17:26:53;2
187;1;1;1;OK;Statut : OK;FALSE;2023-11-06 17:26:53;2;2023-11-06 17:26:53;2
188;1;1;1;OK;Statut : OK;FALSE;2023-11-07 17:26:53;2;2023-11-07 17:26:53;2
189;1;1;1;OK;Statut : OK;FALSE;2023-11-08 17:26:53;2;2023-11-08 17:26:53;2
190;1;1;1;OK;Statut : OK;FALSE;2023-11-09 17:26:53;2;2023-11-09 17:26:53;2
191;1;1;1;OK;Statut : OK;FALSE;2023-11-10 17:26:53;2;2023-11-10 17:26:53;2
192;1;1;1;OK;Statut : OK;FALSE;2023-11-11 17:26:53;2;2023-11-11 17:26:53;2
193;1;1;1;WARN;Statut : WARN;FALSE;2023-11-12 17:26:53;2;2023-11-12 17:26:53;2
194;1;1;1;OK;Statut : OK;FALSE;2023-11-13 17:26:53;2;2023-11-13 17:26:53;2
195;1;1;1;OK;Statut : OK;FALSE;2023-11-14 17:26:53;2;2023-11-14 17:26:53;2
196;1;1;1;OK;Statut : OK;FALSE;2023-11-15 17:26:53;2;2023-11-15 17:26:53;2
197;1;1;1;OK;Statut : OK;FALSE;2023-11-16 17:26:53;2;2023-11-16 17:26:53;2
198;1;1;1;OK;Statut : OK;FALSE;2023-11-17 17:26:53;2;2023-11-17 17:26:53;2
199;1;1;1;OK;Statut : OK;FALSE;2023-11-18 17:26:53;2;2023-11-18 17:26:53;2
200;1;1;1;OK;Statut : OK;FALSE;2023-11-19 17:26:53;2;2023-11-19 17:26:53;2
201;1;1;1;OK;Statut : OK;FALSE;2023-11-20 17:26:53;2;2023-11-20 17:26:53;2
202;1;1;1;OK;Statut : OK;FALSE;2023-11-21 17:26:53;2;2023-11-21 17:26:53;2
203;1;1;1;OK;Statut : OK;FALSE;2023-11-22 17:26:53;2;2023-11-22 17:26:53;2
204;1;1;1;ERROR;Statut : ERROR;FALSE;2023-11-23 17:26:53;2;2023-11-23 17:26:53;2
205;1;1;1;OK;Statut : OK;FALSE;2023-11-24 17:26:53;2;2023-11-24 17:26:53;2
206;1;1;1;OK;Statut : OK;FALSE;2023-11-25 17:26:53;2;2023-11-25 17:26:53;2
207;1;1;1;OK;Statut : OK;FALSE;2023-11-26 17:26:53;2;2023-11-26 17:26:53;2
208;1;1;1;OK;Statut : OK;FALSE;2023-11-27 17:26:53;2;2023-11-27 17:26:53;2
209;1;1;1;OK;Statut : OK;FALSE;2023-11-28 17:26:53;2;2023-11-28 17:26:53;2
210;1;1;1;OK;Statut : OK;FALSE;2023-11-29 17:26:53;2;2023-11-29 17:26:53;2
211;1;1;1;OK;Statut : OK;FALSE;2023-11-30 17:26:53;2;2023-11-30 17:26:53;2
212;1;1;1;OK;Statut : OK;FALSE;2023-12-01 17:26:53;2;2023-12-01 17:26:53;2
213;1;1;1;OK;Statut : OK;FALSE;2023-12-02 17:26:53;2;2023-12-02 17:26:53;2
214;1;1;1;OK;Statut : OK;FALSE;2023-12-03 17:26:53;2;2023-12-03 17:26:53;2
215;1;1;1;OK;Statut : OK;FALSE;2023-12-04 17:26:53;2;2023-12-04 17:26:53;2
216;1;1;1;OK;Statut : OK;FALSE;2023-12-05 17:26:53;2;2023-12-05 17:26:53;2
217;1;1;1;OK;Statut : OK;FALSE;2023-12-06 17:26:53;2;2023-12-06 17:26:53;2
218;1;1;1;OK;Statut : OK;FALSE;2023-12-07 17:26:53;2;2023-12-07 17:26:53;2
219;1;1;1;OK;Statut : OK;FALSE;2023-12-08 17:26:53;2;2023-12-08 17:26:53;2
220;1;1;1;OK;Statut : OK;FALSE;2023-12-09 17:26:53;2;2023-12-09 17:26:53;2
221;1;1;1;OK;Statut : OK;FALSE;2023-12-10 17:26:53;2;2023-12-10 17:26:53;2
222;1;1;1;OK;Statut : OK;FALSE;2023-12-11 17:26:53;2;2023-12-11 17:26:53;2
223;1;1;1;OK;Statut : OK;FALSE;2023-12-12 17:26:53;2;2023-12-12 17:26:53;2
224;1;1;1;OK;Statut : OK;FALSE;2023-12-13 17:26:53;2;2023-12-13 17:26:53;2
225;1;1;1;OK;Statut : OK;FALSE;2023-12-14 17:26:53;2;2023-12-14 17:26:53;2
226;1;1;1;OK;Statut : OK;FALSE;2023-12-15 17:26:53;2;2023-12-15 17:26:53;2
227;1;1;1;OK;Statut : OK;FALSE;2023-12-16 17:26:53;2;2023-12-16 17:26:53;2
228;1;1;1;OK;Statut : OK;FALSE;2023-12-17 17:26:53;2;2023-12-17 17:26:53;2
229;1;1;1;OK;Statut : OK;FALSE;2023-12-18 17:26:53;2;2023-12-18 17:26:53;2
230;1;1;1;OK;Statut : OK;FALSE;2023-12-19 17:26:53;2;2023-12-19 17:26:53;2
231;1;1;1;OK;Statut : OK;FALSE;2023-12-20 17:26:53;2;2023-12-20 17:26:53;2
232;1;1;1;OK;Statut : OK;FALSE;2023-12-21 17:26:53;2;2023-12-21 17:26:53;2
233;1;1;1;OK;Statut : OK;FALSE;2023-12-22 17:26:53;2;2023-12-22 17:26:53;2
234;1;1;1;OK;Statut : OK;FALSE;2023-12-23 17:26:53;2;2023-12-23 17:26:53;2
235;1;1;1;OK;Statut : OK;FALSE;2023-12-24 17:26:53;2;2023-12-24 17:26:53;2
236;1;1;1;OK;Statut : OK;FALSE;2023-12-25 17:26:53;2;2023-12-25 17:26:53;2
237;1;1;1;OK;Statut : OK;FALSE;2023-12-26 17:26:53;2;2023-12-26 17:26:53;2
238;1;1;1;OK;Statut : OK;FALSE;2023-12-27 17:26:53;2;2023-12-27 17:26:53;2
239;1;1;1;OK;Statut : OK;FALSE;2023-12-28 17:26:53;2;2023-12-28 17:26:53;2
240;1;1;1;OK;Statut : OK;FALSE;2023-12-29 17:26:53;2;2023-12-29 17:26:53;2
241;1;1;1;OK;Statut : OK;FALSE;2023-12-30 17:26:53;2;2023-12-30 17:26:53;2
242;1;1;1;OK;Statut : OK;FALSE;2023-12-31 17:26:53;2;2023-12-31 17:26:53;2
243;1;1;1;OK;Statut : OK;FALSE;2024-01-01 17:26:53;2;2024-01-01 17:26:53;2
244;1;1;1;OK;Statut : OK;FALSE;2024-01-02 17:26:53;2;2024-01-02 17:26:53;2
245;1;1;1;OK;Statut : OK;FALSE;2024-01-03 17:26:53;2;2024-01-03 17:26:53;2
246;1;1;1;OK;Statut : OK;FALSE;2024-01-04 17:26:53;2;2024-01-04 17:26:53;2
247;1;1;1;OK;Statut : OK;FALSE;2024-01-05 17:26:53;2;2024-01-05 17:26:53;2
248;1;1;1;OK;Statut : OK;FALSE;2024-01-06 17:26:53;2;2024-01-06 17:26:53;2
249;1;1;1;OK;Statut : OK;FALSE;2024-01-07 17:26:53;2;2024-01-07 17:26:53;2
250;1;1;1;OK;Statut : OK;FALSE;2024-01-08 17:26:53;2;2024-01-08 17:26:53;2
251;1;1;1;OK;Statut : OK;FALSE;2024-01-09 17:26:53;2;2024-01-09 17:26:53;2
252;1;1;1;OK;Statut : OK;FALSE;2024-01-10 17:26:53;2;2024-01-10 17:26:53;2
253;1;1;1;OK;Statut : OK;FALSE;2024-01-11 17:26:53;2;2024-01-11 17:26:53;2
254;1;1;1;WARN;Statut : WARN;FALSE;2024-01-12 17:26:53;2;2024-01-12 17:26:53;2
255;1;1;1;OK;Statut : OK;FALSE;2024-01-13 17:26:53;2;2024-01-13 17:26:53;2
256;1;1;1;OK;Statut : OK;FALSE;2024-01-14 17:26:53;2;2024-01-14 17:26:53;2
257;1;1;1;OK;Statut : OK;FALSE;2024-01-15 17:26:53;2;2024-01-15 17:26:53;2
258;1;1;1;OK;Statut : OK;FALSE;2024-01-16 17:26:53;2;2024-01-16 17:26:53;2
259;1;1;1;OK;Statut : OK;FALSE;2024-01-17 17:26:53;2;2024-01-17 17:26:53;2
260;1;1;1;OK;Statut : OK;FALSE;2024-01-18 17:26:53;2;2024-01-18 17:26:53;2
261;1;1;1;OK;Statut : OK;FALSE;2024-01-19 17:26:53;2;2024-01-19 17:26:53;2
262;1;1;1;OK;Statut : OK;FALSE;2024-01-20 17:26:53;2;2024-01-20 17:26:53;2
263;1;1;1;OK;Statut : OK;FALSE;2024-01-21 17:26:53;2;2024-01-21 17:26:53;2
264;1;1;1;OK;Statut : OK;FALSE;2024-01-22 17:26:53;2;2024-01-22 17:26:53;2
265;1;1;1;OK;Statut : OK;FALSE;2024-01-23 17:26:53;2;2024-01-23 17:26:53;2
266;1;1;1;OK;Statut : OK;FALSE;2024-01-24 17:26:53;2;2024-01-24 17:26:53;2
267;1;1;1;OK;Statut : OK;FALSE;2024-01-25 17:26:53;2;2024-01-25 17:26:53;2
268;1;1;1;OK;Statut : OK;FALSE;2024-01-26 17:26:53;2;2024-01-26 17:26:53;2
269;1;1;1;OK;Statut : OK;FALSE;2024-01-27 17:26:53;2;2024-01-27 17:26:53;2
270;1;1;1;OK;Statut : OK;FALSE;2024-01-28 17:26:53;2;2024-01-28 17:26:53;2
271;1;1;1;OK;Statut : OK;FALSE;2024-01-29 17:26:53;2;2024-01-29 17:26:53;2
272;1;1;1;WARN;Statut : WARN;FALSE;2024-01-30 17:26:53;2;2024-01-30 17:26:53;2
273;1;1;1;OK;Statut : OK;FALSE;2024-01-31 17:26:53;2;2024-01-31 17:26:53;2
274;1;1;1;OK;Statut : OK;FALSE;2024-02-01 17:26:53;2;2024-02-01 17:26:53;2
275;1;1;1;OK;Statut : OK;FALSE;2024-02-02 17:26:53;2;2024-02-02 17:26:53;2
276;1;1;1;OK;Statut : OK;FALSE;2024-02-03 17:26:53;2;2024-02-03 17:26:53;2
277;1;1;1;OK;Statut : OK;FALSE;2024-02-04 17:26:53;2;2024-02-04 17:26:53;2
278;1;1;1;OK;Statut : OK;FALSE;2024-02-05 17:26:53;2;2024-02-05 17:26:53;2
279;1;1;1;WARN;Statut : WARN;FALSE;2024-02-06 17:26:53;2;2024-02-06 17:26:53;2
280;1;1;1;OK;Statut : OK;FALSE;2024-02-07 17:26:53;2;2024-02-07 17:26:53;2
281;1;1;1;OK;Statut : OK;FALSE;2024-02-08 17:26:53;2;2024-02-08 17:26:53;2
282;1;1;1;OK;Statut : OK;FALSE;2024-02-09 17:26:53;2;2024-02-09 17:26:53;2
283;1;1;1;OK;Statut : OK;FALSE;2024-02-10 17:26:53;2;2024-02-10 17:26:53;2
284;1;1;1;OK;Statut : OK;FALSE;2024-02-11 17:26:53;2;2024-02-11 17:26:53;2
285;1;1;1;OK;Statut : OK;FALSE;2024-02-12 17:26:53;2;2024-02-12 17:26:53;2
286;1;1;1;OK;Statut : OK;FALSE;2024-02-13 17:26:53;2;2024-02-13 17:26:53;2
287;1;1;1;OK;Statut : OK;FALSE;2024-02-14 17:26:53;2;2024-02-14 17:26:53;2
288;1;1;1;OK;Statut : OK;FALSE;2024-02-15 17:26:53;2;2024-02-15 17:26:53;2
289;1;1;1;OK;Statut : OK;FALSE;2024-02-16 17:26:53;2;2024-02-16 17:26:53;2
290;1;1;1;OK;Statut : OK;FALSE;2024-02-17 17:26:53;2;2024-02-17 17:26:53;2
291;1;1;1;OK;Statut : OK;FALSE;2024-02-18 17:26:53;2;2024-02-18 17:26:53;2
292;1;1;1;OK;Statut : OK;FALSE;2024-02-19 17:26:53;2;2024-02-19 17:26:53;2
293;1;1;1;OK;Statut : OK;FALSE;2024-02-20 17:26:53;2;2024-02-20 17:26:53;2
294;1;1;1;OK;Statut : OK;FALSE;2024-02-21 17:26:53;2;2024-02-21 17:26:53;2
295;1;1;1;OK;Statut : OK;FALSE;2024-02-22 17:26:53;2;2024-02-22 17:26:53;2
296;1;1;1;OK;Statut : OK;FALSE;2024-02-23 17:26:53;2;2024-02-23 17:26:53;2
297;1;1;1;OK;Statut : OK;FALSE;2024-02-24 17:26:53;2;2024-02-24 17:26:53;2
298;1;1;1;WARN;Statut : WARN;FALSE;2024-02-25 17:26:53;2;2024-02-25 17:26:53;2
299;1;1;1;OK;Statut : OK;FALSE;2024-02-26 17:26:53;2;2024-02-26 17:26:53;2
300;1;1;1;OK;Statut : OK;FALSE;2024-02-27 17:26:53;2;2024-02-27 17:26:53;2
301;1;1;1;OK;Statut : OK;FALSE;2024-02-28 17:26:53;2;2024-02-28 17:26:53;2
302;1;1;1;OK;Statut : OK;FALSE;2024-02-29 17:26:53;2;2024-02-29 17:26:53;2
303;1;1;1;OK;Statut : OK;FALSE;2024-03-01 17:26:53;2;2024-03-01 17:26:53;2
304;1;1;1;OK;Statut : OK;FALSE;2024-03-02 17:26:53;2;2024-03-02 17:26:53;2
305;1;1;1;WARN;Statut : WARN;FALSE;2024-03-03 17:26:53;2;2024-03-03 17:26:53;2
306;1;1;1;OK;Statut : OK;FALSE;2024-03-04 17:26:53;2;2024-03-04 17:26:53;2
307;1;1;1;OK;Statut : OK;FALSE;2024-03-05 17:26:53;2;2024-03-05 17:26:53;2
308;1;1;1;OK;Statut : OK;FALSE;2024-03-06 17:26:53;2;2024-03-06 17:26:53;2
309;1;1;1;OK;Statut : OK;FALSE;2024-03-07 17:26:53;2;2024-03-07 17:26:53;2
310;1;1;1;WARN;Statut : WARN;FALSE;2024-03-08 17:26:53;2;2024-03-08 17:26:53;2
311;1;1;1;OK;Statut : OK;FALSE;2024-03-09 17:26:53;2;2024-03-09 17:26:53;2
312;1;1;1;WARN;Statut : WARN;FALSE;2024-03-10 17:26:53;2;2024-03-10 17:26:53;2
313;1;1;1;OK;Statut : OK;FALSE;2024-03-11 17:26:53;2;2024-03-11 17:26:53;2
314;1;1;1;OK;Statut : OK;FALSE;2024-03-12 17:26:53;2;2024-03-12 17:26:53;2
315;1;1;1;OK;Statut : OK;FALSE;2024-03-13 17:26:53;2;2024-03-13 17:26:53;2
316;1;1;1;OK;Statut : OK;FALSE;2024-03-14 17:26:53;2;2024-03-14 17:26:53;2
317;1;1;1;OK;Statut : OK;FALSE;2024-03-15 17:26:53;2;2024-03-15 17:26:53;2
318;1;1;1;OK;Statut : OK;FALSE;2024-03-16 17:26:53;2;2024-03-16 17:26:53;2
319;1;1;1;OK;Statut : OK;FALSE;2024-03-17 17:26:53;2;2024-03-17 17:26:53;2
320;1;1;1;OK;Statut : OK;FALSE;2024-03-18 17:26:53;2;2024-03-18 17:26:53;2
321;1;1;1;OK;Statut : OK;FALSE;2024-03-19 17:26:53;2;2024-03-19 17:26:53;2
322;1;1;1;OK;Statut : OK;FALSE;2024-03-20 17:26:53;2;2024-03-20 17:26:53;2
323;1;1;1;OK;Statut : OK;FALSE;2024-03-21 17:26:53;2;2024-03-21 17:26:53;2
324;1;1;1;OK;Statut : OK;FALSE;2024-03-22 17:26:53;2;2024-03-22 17:26:53;2
325;1;1;1;OK;Statut : OK;FALSE;2024-03-23 17:26:53;2;2024-03-23 17:26:53;2
326;1;1;1;OK;Statut : OK;FALSE;2024-03-24 17:26:53;2;2024-03-24 17:26:53;2
327;1;1;1;OK;Statut : OK;FALSE;2024-03-25 17:26:53;2;2024-03-25 17:26:53;2
328;1;1;1;OK;Statut : OK;FALSE;2024-03-26 17:26:53;2;2024-03-26 17:26:53;2
329;1;1;1;OK;Statut : OK;FALSE;2024-03-27 17:26:53;2;2024-03-27 17:26:53;2
330;1;1;1;OK;Statut : OK;FALSE;2024-03-28 17:26:53;2;2024-03-28 17:26:53;2
331;1;1;1;WARN;Statut : WARN;FALSE;2024-03-29 17:26:53;2;2024-03-29 17:26:53;2
332;1;1;1;OK;Statut : OK;FALSE;2024-03-30 17:26:53;2;2024-03-30 17:26:53;2
333;1;1;1;OK;Statut : OK;FALSE;2024-03-31 17:26:53;2;2024-03-31 17:26:53;2
334;1;1;1;OK;Statut : OK;FALSE;2024-04-01 17:26:53;2;2024-04-01 17:26:53;2
335;1;1;1;OK;Statut : OK;FALSE;2024-04-02 17:26:53;2;2024-04-02 17:26:53;2
336;1;1;1;WARN;Statut : WARN;FALSE;2024-04-03 17:26:53;2;2024-04-03 17:26:53;2
337;1;1;1;OK;Statut : OK;FALSE;2024-04-04 17:26:53;2;2024-04-04 17:26:53;2
338;1;1;1;OK;Statut : OK;FALSE;2024-04-05 17:26:53;2;2024-04-05 17:26:53;2
339;1;1;1;OK;Statut : OK;FALSE;2024-04-06 17:26:53;2;2024-04-06 17:26:53;2
340;1;1;1;OK;Statut : OK;FALSE;2024-04-07 17:26:53;2;2024-04-07 17:26:53;2
341;1;1;1;OK;Statut : OK;FALSE;2024-04-08 17:26:53;2;2024-04-08 17:26:53;2
342;1;1;1;OK;Statut : OK;FALSE;2024-04-09 17:26:53;2;2024-04-09 17:26:53;2
343;1;1;1;OK;Statut : OK;FALSE;2024-04-10 17:26:53;2;2024-04-10 17:26:53;2
344;1;1;1;OK;Statut : OK;FALSE;2024-04-11 17:26:53;2;2024-04-11 17:26:53;2
345;1;1;1;OK;Statut : OK;FALSE;2024-04-12 17:26:53;2;2024-04-12 17:26:53;2
346;1;1;1;OK;Statut : OK;FALSE;2024-04-13 17:26:53;2;2024-04-13 17:26:53;2
347;1;1;1;OK;Statut : OK;FALSE;2024-04-14 17:26:53;2;2024-04-14 17:26:53;2
348;1;1;1;OK;Statut : OK;FALSE;2024-04-15 17:26:53;2;2024-04-15 17:26:53;2
349;1;1;1;OK;Statut : OK;FALSE;2024-04-16 17:26:53;2;2024-04-16 17:26:53;2
350;1;1;1;OK;Statut : OK;FALSE;2024-04-17 17:26:53;2;2024-04-17 17:26:53;2
351;1;1;1;OK;Statut : OK;FALSE;2024-04-18 17:26:53;2;2024-04-18 17:26:53;2
352;1;1;1;OK;Statut : OK;FALSE;2024-04-19 17:26:53;2;2024-04-19 17:26:53;2
353;1;1;1;OK;Statut : OK;FALSE;2024-04-20 17:26:53;2;2024-04-20 17:26:53;2
354;1;1;1;OK;Statut : OK;FALSE;2024-04-21 17:26:53;2;2024-04-21 17:26:53;2
355;1;1;1;OK;Statut : OK;FALSE;2024-04-22 17:26:53;2;2024-04-22 17:26:53;2
356;1;1;1;OK;Statut : OK;FALSE;2024-04-23 17:26:53;2;2024-04-23 17:26:53;2
357;1;1;1;OK;Statut : OK;FALSE;2024-04-24 17:26:53;2;2024-04-24 17:26:53;2
358;1;1;1;OK;Statut : OK;FALSE;2024-04-25 17:26:53;2;2024-04-25 17:26:53;2
359;1;1;1;OK;Statut : OK;FALSE;2024-04-26 17:26:53;2;2024-04-26 17:26:53;2
360;1;1;1;OK;Statut : OK;FALSE;2024-04-27 17:26:53;2;2024-04-27 17:26:53;2
361;1;1;1;OK;Statut : OK;FALSE;2024-04-28 17:26:53;2;2024-04-28 17:26:53;2
362;1;1;1;OK;Statut : OK;FALSE;2024-04-29 17:26:53;2;2024-04-29 17:26:53;2
363;1;1;1;ERROR;Statut : ERROR;FALSE;2024-04-30 17:26:53;2;2024-04-30 17:26:53;2
364;1;1;1;OK;Statut : OK;FALSE;2024-05-01 17:26:53;2;2024-05-01 17:26:53;2
365;1;1;1;OK;Statut : OK;FALSE;2024-05-02 17:26:53;2;2024-05-02 17:26:53;2
366;1;1;1;WARN;Statut : WARN;FALSE;2024-05-03 17:26:53;2;2024-05-03 17:26:53;2
367;1;1;1;OK;Statut : OK;FALSE;2024-05-04 17:26:53;2;2024-05-04 17:26:53;2
368;1;1;1;OK;Statut : OK;FALSE;2024-05-05 17:26:53;2;2024-05-05 17:26:53;2
369;1;1;1;OK;Statut : OK;FALSE;2024-05-06 17:26:53;2;2024-05-06 17:26:53;2
370;1;1;1;OK;Statut : OK;FALSE;2024-05-07 17:26:53;2;2024-05-07 17:26:53;2
371;1;1;1;OK;Statut : OK;FALSE;2024-05-08 17:26:53;2;2024-05-08 17:26:53;2
372;1;1;1;OK;Statut : OK;FALSE;2024-05-09 17:26:53;2;2024-05-09 17:26:53;2
373;1;1;1;OK;Statut : OK;FALSE;2024-05-10 17:26:53;2;2024-05-10 17:26:53;2
374;1;1;1;OK;Statut : OK;FALSE;2024-05-11 17:26:53;2;2024-05-11 17:26:53;2
375;1;1;1;OK;Statut : OK;FALSE;2024-05-12 17:26:53;2;2024-05-12 17:26:53;2
376;1;1;1;OK;Statut : OK;FALSE;2024-05-13 17:26:53;2;2024-05-13 17:26:53;2
377;1;1;1;OK;Statut : OK;FALSE;2024-05-14 17:26:53;2;2024-05-14 17:26:53;2
378;1;1;1;OK;Statut : OK;FALSE;2024-05-15 17:26:53;2;2024-05-15 17:26:53;2
379;1;1;1;OK;Statut : OK;FALSE;2024-05-16 17:26:53;2;2024-05-16 17:26:53;2
380;1;1;1;OK;Statut : OK;FALSE;2024-05-17 17:26:53;2;2024-05-17 17:26:53;2
381;1;1;1;OK;Statut : OK;FALSE;2024-05-18 17:26:53;2;2024-05-18 17:26:53;2
382;1;1;1;OK;Statut : OK;FALSE;2024-05-19 17:26:53;2;2024-05-19 17:26:53;2
383;1;1;1;OK;Statut : OK;FALSE;2024-05-20 17:26:53;2;2024-05-20 17:26:53;2
384;1;1;1;OK;Statut : OK;FALSE;2024-05-21 17:26:53;2;2024-05-21 17:26:53;2
385;1;1;1;OK;Statut : OK;FALSE;2024-05-22 17:26:53;2;2024-05-22 17:26:53;2
386;1;1;1;OK;Statut : OK;FALSE;2024-05-23 17:26:53;2;2024-05-23 17:26:53;2
387;1;1;1;OK;Statut : OK;FALSE;2024-05-24 17:26:53;2;2024-05-24 17:26:53;2
388;1;1;1;OK;Statut : OK;FALSE;2024-05-25 17:26:53;2;2024-05-25 17:26:53;2
389;1;1;1;OK;Statut : OK;FALSE;2024-05-26 17:26:53;2;2024-05-26 17:26:53;2
390;1;1;1;OK;Statut : OK;FALSE;2024-05-27 17:26:53;2;2024-05-27 17:26:53;2
391;1;1;1;OK;Statut : OK;FALSE;2024-05-28 17:26:53;2;2024-05-28 17:26:53;2
392;1;1;1;OK;Statut : OK;FALSE;2024-05-29 17:26:53;2;2024-05-29 17:26:53;2
393;1;1;1;OK;Statut : OK;FALSE;2024-05-30 17:26:53;2;2024-05-30 17:26:53;2
394;1;1;1;OK;Statut : OK;FALSE;2024-05-31 17:26:53;2;2024-05-31 17:26:53;2
395;1;1;1;OK;Statut : OK;FALSE;2024-06-01 17:26:53;2;2024-06-01 17:26:53;2
396;1;1;1;OK;Statut : OK;FALSE;2024-06-02 17:26:53;2;2024-06-02 17:26:53;2
397;1;1;1;OK;Statut : OK;FALSE;2024-06-03 17:26:53;2;2024-06-03 17:26:53;2
398;1;1;1;OK;Statut : OK;FALSE;2024-06-04 17:26:53;2;2024-06-04 17:26:53;2
399;1;1;1;OK;Statut : OK;FALSE;2024-06-05 17:26:53;2;2024-06-05 17:26:53;2
400;1;1;1;OK;Statut : OK;FALSE;2024-06-06 17:26:53;2;2024-06-06 17:26:53;2
401;1;1;1;WARN;Statut : WARN;FALSE;2024-06-07 17:26:53;2;2024-06-07 17:26:53;2
402;1;1;1;OK;Statut : OK;FALSE;2024-06-08 17:26:53;2;2024-06-08 17:26:53;2
403;1;1;1;OK;Statut : OK;FALSE;2024-06-09 17:26:53;2;2024-06-09 17:26:53;2
404;1;1;1;OK;Statut : OK;FALSE;2024-06-10 17:26:53;2;2024-06-10 17:26:53;2
405;1;1;1;OK;Statut : OK;FALSE;2024-06-11 17:26:53;2;2024-06-11 17:26:53;2
406;1;1;1;OK;Statut : OK;FALSE;2024-06-12 17:26:53;2;2024-06-12 17:26:53;2
407;1;1;1;OK;Statut : OK;FALSE;2024-06-13 17:26:53;2;2024-06-13 17:26:53;2
408;1;1;1;OK;Statut : OK;FALSE;2024-06-14 17:26:53;2;2024-06-14 17:26:53;2
409;1;1;1;OK;Statut : OK;FALSE;2024-06-15 17:26:53;2;2024-06-15 17:26:53;2
410;1;1;1;OK;Statut : OK;FALSE;2024-06-16 17:26:53;2;2024-06-16 17:26:53;2
411;1;1;1;OK;Statut : OK;FALSE;2024-06-17 17:26:53;2;2024-06-17 17:26:53;2
412;1;1;1;OK;Statut : OK;FALSE;2024-06-18 17:26:53;2;2024-06-18 17:26:53;2
413;1;1;1;OK;Statut : OK;FALSE;2024-06-19 17:26:53;2;2024-06-19 17:26:53;2
414;1;1;1;OK;Statut : OK;FALSE;2024-06-20 17:26:53;2;2024-06-20 17:26:53;2
415;1;1;1;OK;Statut : OK;FALSE;2024-06-21 17:26:53;2;2024-06-21 17:26:53;2
416;1;1;1;OK;Statut : OK;FALSE;2024-06-22 17:26:53;2;2024-06-22 17:26:53;2
417;1;1;1;WARN;Statut : WARN;FALSE;2024-06-23 17:26:53;2;2024-06-23 17:26:53;2
418;1;1;1;OK;Statut : OK;FALSE;2024-06-24 17:26:53;2;2024-06-24 17:26:53;2
419;1;1;1;OK;Statut : OK;FALSE;2024-06-25 17:26:53;2;2024-06-25 17:26:53;2
420;1;1;1;OK;Statut : OK;FALSE;2024-06-26 17:26:53;2;2024-06-26 17:26:53;2
421;1;1;1;OK;Statut : OK;FALSE;2024-06-27 17:26:53;2;2024-06-27 17:26:53;2
422;1;1;1;OK;Statut : OK;FALSE;2024-06-28 17:26:53;2;2024-06-28 17:26:53;2
423;1;1;1;OK;Statut : OK;FALSE;2024-06-29 17:26:53;2;2024-06-29 17:26:53;2
424;1;1;1;OK;Statut : OK;FALSE;2024-06-30 17:26:53;2;2024-06-30 17:26:53;2
425;1;1;1;OK;Statut : OK;FALSE;2024-07-01 17:26:53;2;2024-07-01 17:26:53;2
426;1;1;1;OK;Statut : OK;FALSE;2024-07-02 17:26:53;2;2024-07-02 17:26:53;2
427;1;1;1;OK;Statut : OK;FALSE;2024-07-03 17:26:53;2;2024-07-03 17:26:53;2
428;1;1;1;OK;Statut : OK;FALSE;2024-07-04 17:26:53;2;2024-07-04 17:26:53;2
429;1;1;1;OK;Statut : OK;FALSE;2024-07-05 17:26:53;2;2024-07-05 17:26:53;2
430;1;1;1;OK;Statut : OK;FALSE;2024-07-06 17:26:53;2;2024-07-06 17:26:53;2
431;1;1;1;OK;Statut : OK;FALSE;2024-07-07 17:26:53;2;2024-07-07 17:26:53;2
432;1;1;1;OK;Statut : OK;FALSE;2024-07-08 17:26:53;2;2024-07-08 17:26:53;2
433;1;1;1;OK;Statut : OK;FALSE;2024-07-09 17:26:53;2;2024-07-09 17:26:53;2
434;1;1;1;OK;Statut : OK;FALSE;2024-07-10 17:26:53;2;2024-07-10 17:26:53;2
435;1;1;1;OK;Statut : OK;FALSE;2024-07-11 17:26:53;2;2024-07-11 17:26:53;2
436;1;1;1;OK;Statut : OK;FALSE;2024-07-12 17:26:53;2;2024-07-12 17:26:53;2
437;1;1;1;OK;Statut : OK;FALSE;2024-07-13 17:26:53;2;2024-07-13 17:26:53;2
438;1;1;1;OK;Statut : OK;FALSE;2024-07-14 17:26:53;2;2024-07-14 17:26:53;2
439;1;1;1;OK;Statut : OK;FALSE;2024-07-15 17:26:53;2;2024-07-15 17:26:53;2
440;1;1;1;OK;Statut : OK;FALSE;2024-07-16 17:26:53;2;2024-07-16 17:26:53;2
441;1;1;1;OK;Statut : OK;FALSE;2024-07-17 17:26:53;2;2024-07-17 17:26:53;2
442;1;1;1;OK;Statut : OK;FALSE;2024-07-18 17:26:53;2;2024-07-18 17:26:53;2
443;1;1;1;OK;Statut : OK;FALSE;2024-07-19 17:26:53;2;2024-07-19 17:26:53;2
444;1;1;1;OK;Statut : OK;FALSE;2024-07-20 17:26:53;2;2024-07-20 17:26:53;2
445;1;1;1;OK;Statut : OK;FALSE;2024-07-21 17:26:53;2;2024-07-21 17:26:53;2
446;1;1;1;OK;Statut : OK;FALSE;2024-07-22 17:26:53;2;2024-07-22 17:26:53;2
447;1;1;1;OK;Statut : OK;FALSE;2024-07-23 17:26:53;2;2024-07-23 17:26:53;2
448;1;1;1;OK;Statut : OK;FALSE;2024-07-24 17:26:53;2;2024-07-24 17:26:53;2
449;1;1;1;OK;Statut : OK;FALSE;2024-07-25 17:26:53;2;2024-07-25 17:26:53;2
450;1;1;1;OK;Statut : OK;FALSE;2024-07-26 17:26:53;2;2024-07-26 17:26:53;2
451;1;1;1;OK;Statut : OK;FALSE;2024-07-27 17:26:53;2;2024-07-27 17:26:53;2
452;1;1;1;OK;Statut : OK;FALSE;2024-07-28 17:26:53;2;2024-07-28 17:26:53;2
453;1;1;1;OK;Statut : OK;FALSE;2024-07-29 17:26:53;2;2024-07-29 17:26:53;2
454;1;1;1;OK;Statut : OK;FALSE;2024-07-30 17:26:53;2;2024-07-30 17:26:53;2
455;1;1;1;OK;Statut : OK;FALSE;2024-07-31 17:26:53;2;2024-07-31 17:26:53;2
456;1;1;1;OK;Statut : OK;FALSE;2024-08-01 17:26:53;2;2024-08-01 17:26:53;2
457;1;1;1;OK;Statut : OK;FALSE;2024-08-02 17:26:53;2;2024-08-02 17:26:53;2
458;1;1;1;OK;Statut : OK;FALSE;2024-08-03 17:26:53;2;2024-08-03 17:26:53;2
459;1;1;1;OK;Statut : OK;FALSE;2024-08-04 17:26:53;2;2024-08-04 17:26:53;2
460;1;1;1;OK;Statut : OK;FALSE;2024-08-05 17:26:53;2;2024-08-05 17:26:53;2
461;1;1;1;OK;Statut : OK;FALSE;2024-08-06 17:26:53;2;2024-08-06 17:26:53;2
462;1;1;1;OK;Statut : OK;FALSE;2024-08-07 17:26:53;2;2024-08-07 17:26:53;2
463;1;1;1;OK;Statut : OK;FALSE;2024-08-08 17:26:53;2;2024-08-08 17:26:53;2
464;1;1;1;OK;Statut : OK;FALSE;2024-08-09 17:26:53;2;2024-08-09 17:26:53;2
465;1;1;1;OK;Statut : OK;FALSE;2024-08-10 17:26:53;2;2024-08-10 17:26:53;2
466;1;1;1;OK;Statut : OK;FALSE;2024-08-11 17:26:53;2;2024-08-11 17:26:53;2
467;1;1;1;OK;Statut : OK;FALSE;2024-08-12 17:26:53;2;2024-08-12 17:26:53;2
468;1;1;1;OK;Statut : OK;FALSE;2024-08-13 17:26:53;2;2024-08-13 17:26:53;2
469;1;1;1;OK;Statut : OK;FALSE;2024-08-14 17:26:53;2;2024-08-14 17:26:53;2
470;1;1;1;OK;Statut : OK;FALSE;2024-08-15 17:26:53;2;2024-08-15 17:26:53;2
471;1;1;1;OK;Statut : OK;FALSE;2024-08-16 17:26:53;2;2024-08-16 17:26:53;2
472;1;1;1;ERROR;Statut : ERROR;FALSE;2024-08-17 17:26:53;2;2024-08-17 17:26:53;2
473;1;1;1;OK;Statut : OK;FALSE;2024-08-18 17:26:53;2;2024-08-18 17:26:53;2
474;1;1;1;OK;Statut : OK;FALSE;2024-08-19 17:26:53;2;2024-08-19 17:26:53;2
475;1;1;1;OK;Statut : OK;FALSE;2024-08-20 17:26:53;2;2024-08-20 17:26:53;2
476;1;1;1;OK;Statut : OK;FALSE;2024-08-21 17:26:53;2;2024-08-21 17:26:53;2
477;1;1;1;OK;Statut : OK;FALSE;2024-08-22 17:26:53;2;2024-08-22 17:26:53;2
478;1;1;1;OK;Statut : OK;FALSE;2024-08-23 17:26:53;2;2024-08-23 17:26:53;2
479;1;1;1;OK;Statut : OK;FALSE;2024-08-24 17:26:53;2;2024-08-24 17:26:53;2
480;1;1;1;OK;Statut : OK;FALSE;2024-08-25 17:26:53;2;2024-08-25 17:26:53;2
481;1;1;1;OK;Statut : OK;FALSE;2024-08-26 17:26:53;2;2024-08-26 17:26:53;2
482;1;1;1;WARN;Statut : WARN;FALSE;2024-08-27 17:26:53;2;2024-08-27 17:26:53;2
483;1;1;1;OK;Statut : OK;FALSE;2024-08-28 17:26:53;2;2024-08-28 17:26:53;2
484;1;1;1;OK;Statut : OK;FALSE;2024-08-29 17:26:53;2;2024-08-29 17:26:53;2
485;1;1;1;OK;Statut : OK;FALSE;2024-08-30 17:26:53;2;2024-08-30 17:26:53;2
486;1;1;1;OK;Statut : OK;FALSE;2024-08-31 17:26:53;2;2024-08-31 17:26:53;2
487;1;1;1;OK;Statut : OK;FALSE;2024-09-01 17:26:53;2;2024-09-01 17:26:53;2
488;1;1;1;OK;Statut : OK;FALSE;2024-09-02 17:26:53;2;2024-09-02 17:26:53;2
489;1;1;1;OK;Statut : OK;FALSE;2024-09-03 17:26:53;2;2024-09-03 17:26:53;2
490;1;1;1;OK;Statut : OK;FALSE;2024-09-04 17:26:53;2;2024-09-04 17:26:53;2
491;1;1;1;OK;Statut : OK;FALSE;2024-09-05 17:26:53;2;2024-09-05 17:26:53;2
492;1;1;1;OK;Statut : OK;FALSE;2024-09-06 17:26:53;2;2024-09-06 17:26:53;2
493;1;1;1;OK;Statut : OK;FALSE;2024-09-07 17:26:53;2;2024-09-07 17:26:53;2
494;1;1;1;OK;Statut : OK;FALSE;2024-09-08 17:26:53;2;2024-09-08 17:26:53;2
495;1;1;1;OK;Statut : OK;FALSE;2024-09-09 17:26:53;2;2024-09-09 17:26:53;2
496;1;1;1;OK;Statut : OK;FALSE;2024-09-10 17:26:53;2;2024-09-10 17:26:53;2
497;1;1;1;OK;Statut : OK;FALSE;2024-09-11 17:26:53;2;2024-09-11 17:26:53;2
498;1;1;1;OK;Statut : OK;FALSE;2024-09-12 17:26:53;2;2024-09-12 17:26:53;2
499;1;1;1;OK;Statut : OK;FALSE;2024-09-13 17:26:53;2;2024-09-13 17:26:53;2
500;1;1;1;OK;Statut : OK;FALSE;2024-09-14 17:26:53;2;2024-09-14 17:26:53;2
501;1;1;1;OK;Statut : OK;FALSE;2024-09-15 17:26:53;2;2024-09-15 17:26:53;2
502;1;1;1;OK;Statut : OK;FALSE;2024-09-16 17:26:53;2;2024-09-16 17:26:53;2
503;1;1;1;OK;Statut : OK;FALSE;2024-09-17 17:26:53;2;2024-09-17 17:26:53;2
504;1;1;1;OK;Statut : OK;FALSE;2024-09-18 17:26:53;2;2024-09-18 17:26:53;2
505;1;1;1;OK;Statut : OK;FALSE;2024-09-19 17:26:53;2;2024-09-19 17:26:53;2
506;1;1;1;OK;Statut : OK;FALSE;2024-09-20 17:26:53;2;2024-09-20 17:26:53;2
507;1;1;1;OK;Statut : OK;FALSE;2024-09-21 17:26:53;2;2024-09-21 17:26:53;2
508;1;1;1;OK;Statut : OK;FALSE;2024-09-22 17:26:53;2;2024-09-22 17:26:53;2
509;1;1;1;OK;Statut : OK;FALSE;2024-09-23 17:26:53;2;2024-09-23 17:26:53;2
510;1;1;1;OK;Statut : OK;FALSE;2024-09-24 17:26:53;2;2024-09-24 17:26:53;2
511;1;1;1;OK;Statut : OK;FALSE;2024-09-25 17:26:53;2;2024-09-25 17:26:53;2
512;1;1;1;OK;Statut : OK;FALSE;2024-09-26 17:26:53;2;2024-09-26 17:26:53;2
513;1;1;1;OK;Statut : OK;FALSE;2024-09-27 17:26:53;2;2024-09-27 17:26:53;2
514;1;1;1;OK;Statut : OK;FALSE;2024-09-28 17:26:53;2;2024-09-28 17:26:53;2
515;1;1;1;OK;Statut : OK;FALSE;2024-09-29 17:26:53;2;2024-09-29 17:26:53;2
516;1;1;1;WARN;Statut : WARN;FALSE;2024-09-30 17:26:53;2;2024-09-30 17:26:53;2
517;1;1;1;OK;Statut : OK;FALSE;2024-10-01 17:26:53;2;2024-10-01 17:26:53;2
518;1;1;1;OK;Statut : OK;FALSE;2024-10-02 17:26:53;2;2024-10-02 17:26:53;2
519;1;1;1;OK;Statut : OK;FALSE;2024-10-03 17:26:53;2;2024-10-03 17:26:53;2
520;1;1;1;OK;Statut : OK;FALSE;2024-10-04 17:26:53;2;2024-10-04 17:26:53;2
521;1;1;1;OK;Statut : OK;FALSE;2024-10-05 17:26:53;2;2024-10-05 17:26:53;2
522;1;1;1;OK;Statut : OK;FALSE;2024-10-06 17:26:53;2;2024-10-06 17:26:53;2
523;1;1;1;OK;Statut : OK;FALSE;2024-10-07 17:26:53;2;2024-10-07 17:26:53;2
524;1;1;1;OK;Statut : OK;FALSE;2024-10-08 17:26:53;2;2024-10-08 17:26:53;2
525;1;1;1;OK;Statut : OK;FALSE;2024-10-09 17:26:53;2;2024-10-09 17:26:53;2
526;1;1;1;OK;Statut : OK;FALSE;2024-10-10 17:26:53;2;2024-10-10 17:26:53;2
527;1;1;1;OK;Statut : OK;FALSE;2024-10-11 17:26:53;2;2024-10-11 17:26:53;2
528;1;1;1;OK;Statut : OK;FALSE;2024-10-12 17:26:53;2;2024-10-12 17:26:53;2
529;1;1;1;OK;Statut : OK;FALSE;2024-10-13 17:26:53;2;2024-10-13 17:26:53;2
530;1;1;1;OK;Statut : OK;FALSE;2024-10-14 17:26:53;2;2024-10-14 17:26:53;2
531;1;1;1;OK;Statut : OK;FALSE;2024-10-15 17:26:53;2;2024-10-15 17:26:53;2
532;1;1;1;OK;Statut : OK;FALSE;2024-10-16 17:26:53;2;2024-10-16 17:26:53;2
533;1;1;1;OK;Statut : OK;FALSE;2024-10-17 17:26:53;2;2024-10-17 17:26:53;2
534;1;1;1;OK;Statut : OK;FALSE;2024-10-18 17:26:53;2;2024-10-18 17:26:53;2
535;1;1;1;OK;Statut : OK;FALSE;2024-10-19 17:26:53;2;2024-10-19 17:26:53;2
536;1;1;1;OK;Statut : OK;FALSE;2024-10-20 17:26:53;2;2024-10-20 17:26:53;2
537;1;1;1;OK;Statut : OK;FALSE;2024-10-21 17:26:53;2;2024-10-21 17:26:53;2
538;1;1;1;OK;Statut : OK;FALSE;2024-10-22 17:26:53;2;2024-10-22 17:26:53;2
539;1;1;1;OK;Statut : OK;FALSE;2024-10-23 17:26:53;2;2024-10-23 17:26:53;2
540;1;1;1;OK;Statut : OK;FALSE;2024-10-24 17:26:53;2;2024-10-24 17:26:53;2
541;1;1;1;OK;Statut : OK;FALSE;2024-10-25 17:26:53;2;2024-10-25 17:26:53;2
542;1;1;1;OK;Statut : OK;FALSE;2024-10-26 17:26:53;2;2024-10-26 17:26:53;2
543;1;1;1;OK;Statut : OK;FALSE;2024-10-27 17:26:53;2;2024-10-27 17:26:53;2
544;1;1;1;OK;Statut : OK;FALSE;2024-10-28 17:26:53;2;2024-10-28 17:26:53;2
545;1;1;1;OK;Statut : OK;FALSE;2024-10-29 17:26:53;2;2024-10-29 17:26:53;2
546;1;1;1;OK;Statut : OK;FALSE;2024-10-30 17:26:53;2;2024-10-30 17:26:53;2
547;1;1;1;OK;Statut : OK;FALSE;2024-10-31 17:26:53;2;2024-10-31 17:26:53;2
548;1;1;1;OK;Statut : OK;FALSE;2024-11-01 17:26:53;2;2024-11-01 17:26:53;2
549;1;1;1;OK;Statut : OK;FALSE;2024-11-02 17:26:53;2;2024-11-02 17:26:53;2
550;1;1;1;OK;Statut : OK;FALSE;2024-11-03 17:26:53;2;2024-11-03 17:26:53;2
551;1;1;1;OK;Statut : OK;FALSE;2024-11-04 17:26:53;2;2024-11-04 17:26:53;2
552;1;1;1;OK;Statut : OK;FALSE;2024-11-05 17:26:53;2;2024-11-05 17:26:53;2
553;1;1;1;OK;Statut : OK;FALSE;2024-11-06 17:26:53;2;2024-11-06 17:26:53;2
554;1;1;1;OK;Statut : OK;FALSE;2024-11-07 17:26:53;2;2024-11-07 17:26:53;2
555;1;1;1;OK;Statut : OK;FALSE;2024-11-08 17:26:53;2;2024-11-08 17:26:53;2
556;1;1;1;OK;Statut : OK;FALSE;2024-11-09 17:26:53;2;2024-11-09 17:26:53;2
557;1;1;1;OK;Statut : OK;FALSE;2024-11-10 17:26:53;2;2024-11-10 17:26:53;2
558;1;1;1;OK;Statut : OK;FALSE;2024-11-11 17:26:53;2;2024-11-11 17:26:53;2
559;1;1;1;WARN;Statut : WARN;FALSE;2024-11-12 17:26:53;2;2024-11-12 17:26:53;2
560;1;1;1;OK;Statut : OK;FALSE;2024-11-13 17:26:53;2;2024-11-13 17:26:53;2
561;1;1;1;OK;Statut : OK;FALSE;2024-11-14 17:26:53;2;2024-11-14 17:26:53;2
562;1;1;1;OK;Statut : OK;FALSE;2024-11-15 17:26:53;2;2024-11-15 17:26:53;2
563;1;1;1;OK;Statut : OK;FALSE;2024-11-16 17:26:53;2;2024-11-16 17:26:53;2
564;1;1;1;OK;Statut : OK;FALSE;2024-11-17 17:26:53;2;2024-11-17 17:26:53;2
565;1;1;1;OK;Statut : OK;FALSE;2024-11-18 17:26:53;2;2024-11-18 17:26:53;2
566;1;1;1;OK;Statut : OK;FALSE;2024-11-19 17:26:53;2;2024-11-19 17:26:53;2
567;1;1;1;OK;Statut : OK;FALSE;2024-11-20 17:26:53;2;2024-11-20 17:26:53;2
568;1;1;1;OK;Statut : OK;FALSE;2024-11-21 17:26:53;2;2024-11-21 17:26:53;2
569;1;1;1;OK;Statut : OK;FALSE;2024-11-22 17:26:53;2;2024-11-22 17:26:53;2
570;1;1;1;OK;Statut : OK;FALSE;2024-11-23 17:26:53;2;2024-11-23 17:26:53;2
571;1;1;1;OK;Statut : OK;FALSE;2024-11-24 17:26:53;2;2024-11-24 17:26:53;2
572;1;1;1;OK;Statut : OK;FALSE;2024-11-25 17:26:53;2;2024-11-25 17:26:53;2
573;1;1;1;WARN;Statut : WARN;FALSE;2024-11-26 17:26:53;2;2024-11-26 17:26:53;2
574;1;1;1;WARN;Statut : WARN;FALSE;2024-11-27 17:26:53;2;2024-11-27 17:26:53;2
575;1;1;1;OK;Statut : OK;FALSE;2024-11-28 17:26:53;2;2024-11-28 17:26:53;2
576;1;1;1;OK;Statut : OK;FALSE;2024-11-29 17:26:53;2;2024-11-29 17:26:53;2
577;1;1;1;OK;Statut : OK;FALSE;2024-11-30 17:26:53;2;2024-11-30 17:26:53;2
578;1;1;1;OK;Statut : OK;FALSE;2024-12-01 17:26:53;2;2024-12-01 17:26:53;2
579;1;1;1;OK;Statut : OK;FALSE;2024-12-02 17:26:53;2;2024-12-02 17:26:53;2
580;1;1;1;OK;Statut : OK;FALSE;2024-12-03 17:26:53;2;2024-12-03 17:26:53;2
581;1;1;1;OK;Statut : OK;FALSE;2024-12-04 17:26:53;2;2024-12-04 17:26:53;2
582;1;1;1;OK;Statut : OK;FALSE;2024-12-05 17:26:53;2;2024-12-05 17:26:53;2
583;1;1;1;OK;Statut : OK;FALSE;2024-12-06 17:26:53;2;2024-12-06 17:26:53;2
584;1;1;1;OK;Statut : OK;FALSE;2024-12-07 17:26:53;2;2024-12-07 17:26:53;2
585;1;1;1;OK;Statut : OK;FALSE;2024-12-08 17:26:53;2;2024-12-08 17:26:53;2
586;1;1;1;OK;Statut : OK;FALSE;2024-12-09 17:26:53;2;2024-12-09 17:26:53;2
587;1;1;1;OK;Statut : OK;FALSE;2024-12-10 17:26:53;2;2024-12-10 17:26:53;2
588;1;1;1;OK;Statut : OK;FALSE;2024-12-11 17:26:53;2;2024-12-11 17:26:53;2
589;1;1;1;OK;Statut : OK;FALSE;2024-12-12 17:26:53;2;2024-12-12 17:26:53;2
590;1;1;1;OK;Statut : OK;FALSE;2024-12-13 17:26:53;2;2024-12-13 17:26:53;2
591;1;1;1;OK;Statut : OK;FALSE;2024-12-14 17:26:53;2;2024-12-14 17:26:53;2
592;1;1;1;OK;Statut : OK;FALSE;2024-12-15 17:26:53;2;2024-12-15 17:26:53;2
593;1;1;1;OK;Statut : OK;FALSE;2024-12-16 17:26:53;2;2024-12-16 17:26:53;2
594;1;1;1;OK;Statut : OK;FALSE;2024-12-17 17:26:53;2;2024-12-17 17:26:53;2
595;1;1;1;OK;Statut : OK;FALSE;2024-12-18 17:26:53;2;2024-12-18 17:26:53;2
596;1;1;1;OK;Statut : OK;FALSE;2024-12-19 17:26:53;2;2024-12-19 17:26:53;2
597;1;1;1;OK;Statut : OK;FALSE;2024-12-20 17:26:53;2;2024-12-20 17:26:53;2
598;1;1;1;OK;Statut : OK;FALSE;2024-12-21 17:26:53;2;2024-12-21 17:26:53;2
599;1;1;1;OK;Statut : OK;FALSE;2024-12-22 17:26:53;2;2024-12-22 17:26:53;2
600;1;1;1;OK;Statut : OK;FALSE;2024-12-23 17:26:53;2;2024-12-23 17:26:53;2
601;1;1;1;OK;Statut : OK;FALSE;2024-12-24 17:26:53;2;2024-12-24 17:26:53;2
602;1;1;1;OK;Statut : OK;FALSE;2024-12-25 17:26:53;2;2024-12-25 17:26:53;2
603;1;1;1;OK;Statut : OK;FALSE;2024-12-26 17:26:53;2;2024-12-26 17:26:53;2
604;1;1;1;OK;Statut : OK;FALSE;2024-12-27 17:26:53;2;2024-12-27 17:26:53;2
605;1;1;1;OK;Statut : OK;FALSE;2024-12-28 17:26:53;2;2024-12-28 17:26:53;2
606;1;1;1;OK;Statut : OK;FALSE;2024-12-29 17:26:53;2;2024-12-29 17:26:53;2
607;1;1;1;OK;Statut : OK;FALSE;2024-12-30 17:26:53;2;2024-12-30 17:26:53;2
608;1;1;1;OK;Statut : OK;FALSE;2024-12-31 17:26:53;2;2024-12-31 17:26:53;2
609;1;1;1;OK;Statut : OK;FALSE;2025-01-01 17:26:53;2;2025-01-01 17:26:53;2
610;1;1;1;WARN;Statut : WARN;FALSE;2025-01-02 17:26:53;2;2025-01-02 17:26:53;2
611;1;1;1;OK;Statut : OK;FALSE;2025-01-03 17:26:53;2;2025-01-03 17:26:53;2
612;1;1;1;OK;Statut : OK;FALSE;2025-01-04 17:26:53;2;2025-01-04 17:26:53;2
613;1;1;1;OK;Statut : OK;FALSE;2025-01-05 17:26:53;2;2025-01-05 17:26:53;2
614;1;1;1;OK;Statut : OK;FALSE;2025-01-06 17:26:53;2;2025-01-06 17:26:53;2
615;1;1;1;OK;Statut : OK;FALSE;2025-01-07 17:26:53;2;2025-01-07 17:26:53;2
616;1;1;1;OK;Statut : OK;FALSE;2025-01-08 17:26:53;2;2025-01-08 17:26:53;2
617;1;1;1;OK;Statut : OK;FALSE;2025-01-09 17:26:53;2;2025-01-09 17:26:53;2
618;1;1;1;OK;Statut : OK;FALSE;2025-01-10 17:26:53;2;2025-01-10 17:26:53;2
619;1;1;1;OK;Statut : OK;FALSE;2025-01-11 17:26:53;2;2025-01-11 17:26:53;2
620;1;1;1;OK;Statut : OK;FALSE;2025-01-12 17:26:53;2;2025-01-12 17:26:53;2
621;1;1;1;OK;Statut : OK;FALSE;2025-01-13 17:26:53;2;2025-01-13 17:26:53;2
622;1;1;1;OK;Statut : OK;FALSE;2025-01-14 17:26:53;2;2025-01-14 17:26:53;2
623;1;1;1;OK;Statut : OK;FALSE;2025-01-15 17:26:53;2;2025-01-15 17:26:53;2
624;1;1;1;OK;Statut : OK;FALSE;2025-01-16 17:26:53;2;2025-01-16 17:26:53;2
625;1;1;1;OK;Statut : OK;FALSE;2025-01-17 17:26:53;2;2025-01-17 17:26:53;2
626;1;1;1;OK;Statut : OK;FALSE;2025-01-18 17:26:53;2;2025-01-18 17:26:53;2
627;1;1;1;OK;Statut : OK;FALSE;2025-01-19 17:26:53;2;2025-01-19 17:26:53;2
628;1;1;1;OK;Statut : OK;FALSE;2025-01-20 17:26:53;2;2025-01-20 17:26:53;2
629;1;1;1;OK;Statut : OK;FALSE;2025-01-21 17:26:53;2;2025-01-21 17:26:53;2
630;1;1;1;OK;Statut : OK;FALSE;2025-01-22 17:26:53;2;2025-01-22 17:26:53;2
631;1;1;1;OK;Statut : OK;FALSE;2025-01-23 17:26:53;2;2025-01-23 17:26:53;2
632;1;1;1;OK;Statut : OK;FALSE;2025-01-24 17:26:53;2;2025-01-24 17:26:53;2
633;1;1;1;OK;Statut : OK;FALSE;2025-01-25 17:26:53;2;2025-01-25 17:26:53;2
634;1;1;1;OK;Statut : OK;FALSE;2025-01-26 17:26:53;2;2025-01-26 17:26:53;2
635;1;1;1;OK;Statut : OK;FALSE;2025-01-27 17:26:53;2;2025-01-27 17:26:53;2
636;1;1;1;OK;Statut : OK;FALSE;2025-01-28 17:26:53;2;2025-01-28 17:26:53;2
637;1;1;1;OK;Statut : OK;FALSE;2025-01-29 17:26:53;2;2025-01-29 17:26:53;2
638;1;1;1;OK;Statut : OK;FALSE;2025-01-30 17:26:53;2;2025-01-30 17:26:53;2
639;1;1;1;OK;Statut : OK;FALSE;2025-01-31 17:26:53;2;2025-01-31 17:26:53;2
640;1;1;1;OK;Statut : OK;FALSE;2025-02-01 17:26:53;2;2025-02-01 17:26:53;2
641;1;1;1;OK;Statut : OK;FALSE;2025-02-02 17:26:53;2;2025-02-02 17:26:53;2
642;1;1;1;OK;Statut : OK;FALSE;2025-02-03 17:26:53;2;2025-02-03 17:26:53;2
643;1;1;1;OK;Statut : OK;FALSE;2025-02-04 17:26:53;2;2025-02-04 17:26:53;2
644;1;1;1;OK;Statut : OK;FALSE;2025-02-05 17:26:53;2;2025-02-05 17:26:53;2
645;1;1;1;OK;Statut : OK;FALSE;2025-02-06 17:26:53;2;2025-02-06 17:26:53;2
646;1;1;1;OK;Statut : OK;FALSE;2025-02-07 17:26:53;2;2025-02-07 17:26:53;2
647;1;1;1;WARN;Statut : WARN;FALSE;2025-02-08 17:26:53;2;2025-02-08 17:26:53;2
648;1;1;1;OK;Statut : OK;FALSE;2025-02-09 17:26:53;2;2025-02-09 17:26:53;2
649;1;1;1;OK;Statut : OK;FALSE;2025-02-10 17:26:53;2;2025-02-10 17:26:53;2
650;1;1;1;OK;Statut : OK;FALSE;2025-02-11 17:26:53;2;2025-02-11 17:26:53;2
651;1;1;1;OK;Statut : OK;FALSE;2025-02-12 17:26:53;2;2025-02-12 17:26:53;2
652;1;1;1;OK;Statut : OK;FALSE;2025-02-13 17:26:53;2;2025-02-13 17:26:53;2
653;1;1;1;OK;Statut : OK;FALSE;2025-02-14 17:26:53;2;2025-02-14 17:26:53;2
654;1;1;1;OK;Statut : OK;FALSE;2025-02-15 17:26:53;2;2025-02-15 17:26:53;2
655;1;1;1;WARN;Statut : WARN;FALSE;2025-02-16 17:26:53;2;2025-02-16 17:26:53;2
656;1;1;1;OK;Statut : OK;FALSE;2025-02-17 17:26:53;2;2025-02-17 17:26:53;2
657;1;1;1;OK;Statut : OK;FALSE;2025-02-18 17:26:53;2;2025-02-18 17:26:53;2
658;1;1;1;OK;Statut : OK;FALSE;2025-02-19 17:26:53;2;2025-02-19 17:26:53;2
659;1;1;1;OK;Statut : OK;FALSE;2025-02-20 17:26:53;2;2025-02-20 17:26:53;2
660;1;1;1;OK;Statut : OK;FALSE;2025-02-21 17:26:53;2;2025-02-21 17:26:53;2
661;1;1;1;OK;Statut : OK;FALSE;2025-02-22 17:26:53;2;2025-02-22 17:26:53;2
662;1;1;1;OK;Statut : OK;FALSE;2025-02-23 17:26:53;2;2025-02-23 17:26:53;2
663;1;1;1;OK;Statut : OK;FALSE;2025-02-24 17:26:53;2;2025-02-24 17:26:53;2
664;1;1;1;WARN;Statut : WARN;FALSE;2025-02-25 17:26:53;2;2025-02-25 17:26:53;2
665;1;1;1;OK;Statut : OK;FALSE;2025-02-26 17:26:53;2;2025-02-26 17:26:53;2
666;1;1;1;OK;Statut : OK;FALSE;2025-02-27 17:26:53;2;2025-02-27 17:26:53;2
667;1;1;1;OK;Statut : OK;FALSE;2025-02-28 17:26:53;2;2025-02-28 17:26:53;2
668;1;1;1;OK;Statut : OK;FALSE;2025-03-01 17:26:53;2;2025-03-01 17:26:53;2
669;1;1;1;OK;Statut : OK;FALSE;2025-03-02 17:26:53;2;2025-03-02 17:26:53;2
670;1;1;1;OK;Statut : OK;FALSE;2025-03-03 17:26:53;2;2025-03-03 17:26:53;2
671;1;1;1;OK;Statut : OK;FALSE;2025-03-04 17:26:53;2;2025-03-04 17:26:53;2
672;1;1;1;OK;Statut : OK;FALSE;2025-03-05 17:26:53;2;2025-03-05 17:26:53;2
673;1;1;1;OK;Statut : OK;FALSE;2025-03-06 17:26:53;2;2025-03-06 17:26:53;2
674;1;1;1;OK;Statut : OK;FALSE;2025-03-07 17:26:53;2;2025-03-07 17:26:53;2
675;1;1;1;OK;Statut : OK;FALSE;2025-03-08 17:26:53;2;2025-03-08 17:26:53;2
676;1;1;1;OK;Statut : OK;FALSE;2025-03-09 17:26:53;2;2025-03-09 17:26:53;2
677;1;1;1;OK;Statut : OK;FALSE;2025-03-10 17:26:53;2;2025-03-10 17:26:53;2
678;1;1;1;OK;Statut : OK;FALSE;2025-03-11 17:26:53;2;2025-03-11 17:26:53;2
679;1;1;1;OK;Statut : OK;FALSE;2025-03-12 17:26:53;2;2025-03-12 17:26:53;2
680;1;1;1;OK;Statut : OK;FALSE;2025-03-13 17:26:53;2;2025-03-13 17:26:53;2
681;1;1;1;OK;Statut : OK;FALSE;2025-03-14 17:26:53;2;2025-03-14 17:26:53;2
682;1;1;1;OK;Statut : OK;FALSE;2025-03-15 17:26:53;2;2025-03-15 17:26:53;2
683;1;1;1;WARN;Statut : WARN;FALSE;2025-03-16 17:26:53;2;2025-03-16 17:26:53;2
684;1;1;1;OK;Statut : OK;FALSE;2025-03-17 17:26:53;2;2025-03-17 17:26:53;2
685;1;1;1;OK;Statut : OK;FALSE;2025-03-18 17:26:53;2;2025-03-18 17:26:53;2
686;1;1;1;OK;Statut : OK;FALSE;2025-03-19 17:26:53;2;2025-03-19 17:26:53;2
687;1;1;1;OK;Statut : OK;FALSE;2025-03-20 17:26:53;2;2025-03-20 17:26:53;2
688;1;1;1;ERROR;Statut : ERROR;FALSE;2025-03-21 17:26:53;2;2025-03-21 17:26:53;2
689;1;1;1;OK;Statut : OK;FALSE;2025-03-22 17:26:53;2;2025-03-22 17:26:53;2
690;1;1;1;OK;Statut : OK;FALSE;2025-03-23 17:26:53;2;2025-03-23 17:26:53;2
691;1;1;1;OK;Statut : OK;FALSE;2025-03-24 17:26:53;2;2025-03-24 17:26:53;2
692;1;1;1;OK;Statut : OK;FALSE;2025-03-25 17:26:53;2;2025-03-25 17:26:53;2
693;1;1;1;OK;Statut : OK;FALSE;2025-03-26 17:26:53;2;2025-03-26 17:26:53;2
694;1;1;1;OK;Statut : OK;FALSE;2025-03-27 17:26:53;2;2025-03-27 17:26:53;2
695;1;1;1;OK;Statut : OK;FALSE;2025-03-28 17:26:53;2;2025-03-28 17:26:53;2
696;1;1;1;OK;Statut : OK;FALSE;2025-03-29 17:26:53;2;2025-03-29 17:26:53;2
697;1;1;1;OK;Statut : OK;FALSE;2025-03-30 17:26:53;2;2025-03-30 17:26:53;2
698;1;1;1;OK;Statut : OK;FALSE;2025-03-31 17:26:53;2;2025-03-31 17:26:53;2
699;1;1;1;OK;Statut : OK;FALSE;2025-04-01 17:26:53;2;2025-04-01 17:26:53;2
700;1;1;1;OK;Statut : OK;FALSE;2025-04-02 17:26:53;2;2025-04-02 17:26:53;2
701;1;1;1;OK;Statut : OK;FALSE;2025-04-03 17:26:53;2;2025-04-03 17:26:53;2
702;1;1;1;WARN;Statut : WARN;FALSE;2025-04-04 17:26:53;2;2025-04-04 17:26:53;2
703;1;1;1;OK;Statut : OK;FALSE;2025-04-05 17:26:53;2;2025-04-05 17:26:53;2
704;1;1;1;OK;Statut : OK;FALSE;2025-04-06 17:26:53;2;2025-04-06 17:26:53;2
705;1;1;1;OK;Statut : OK;FALSE;2025-04-07 17:26:53;2;2025-04-07 17:26:53;2
706;1;1;1;OK;Statut : OK;FALSE;2025-04-08 17:26:53;2;2025-04-08 17:26:53;2
707;1;1;1;OK;Statut : OK;FALSE;2025-04-09 17:26:53;2;2025-04-09 17:26:53;2
708;1;1;1;OK;Statut : OK;FALSE;2025-04-10 17:26:53;2;2025-04-10 17:26:53;2
709;1;1;1;OK;Statut : OK;FALSE;2025-04-11 17:26:53;2;2025-04-11 17:26:53;2
710;1;1;1;OK;Statut : OK;FALSE;2025-04-12 17:26:53;2;2025-04-12 17:26:53;2
711;1;1;1;OK;Statut : OK;FALSE;2025-04-13 17:26:53;2;2025-04-13 17:26:53;2
712;1;1;1;OK;Statut : OK;FALSE;2025-04-14 17:26:53;2;2025-04-14 17:26:53;2
713;1;1;1;OK;Statut : OK;FALSE;2025-04-15 17:26:53;2;2025-04-15 17:26:53;2
714;1;1;1;OK;Statut : OK;FALSE;2025-04-16 17:26:53;2;2025-04-16 17:26:53;2
715;1;1;1;OK;Statut : OK;FALSE;2025-04-17 17:26:53;2;2025-04-17 17:26:53;2
716;1;1;1;OK;Statut : OK;FALSE;2025-04-18 17:26:53;2;2025-04-18 17:26:53;2
717;1;1;1;OK;Statut : OK;FALSE;2025-04-19 17:26:53;2;2025-04-19 17:26:53;2
718;1;1;1;OK;Statut : OK;FALSE;2025-04-20 17:26:53;2;2025-04-20 17:26:53;2
719;1;1;1;OK;Statut : OK;FALSE;2025-04-21 17:26:53;2;2025-04-21 17:26:53;2
720;1;1;1;OK;Statut : OK;FALSE;2025-04-22 17:26:53;2;2025-04-22 17:26:53;2
721;1;1;1;OK;Statut : OK;FALSE;2025-04-23 17:26:53;2;2025-04-23 17:26:53;2
722;1;1;1;OK;Statut : OK;FALSE;2025-04-24 17:26:53;2;2025-04-24 17:26:53;2
723;1;1;1;OK;Statut : OK;FALSE;2025-04-25 17:26:53;2;2025-04-25 17:26:53;2
724;1;1;1;OK;Statut : OK;FALSE;2025-04-26 17:26:53;2;2025-04-26 17:26:53;2
725;1;1;1;OK;Statut : OK;FALSE;2025-04-27 17:26:53;2;2025-04-27 17:26:53;2
726;1;1;1;OK;Statut : OK;FALSE;2025-04-28 17:26:53;2;2025-04-28 17:26:53;2
727;1;1;1;OK;Statut : OK;FALSE;2025-04-29 17:26:53;2;2025-04-29 17:26:53;2
728;1;1;1;OK;Statut : OK;FALSE;2025-04-30 17:26:53;2;2025-04-30 17:26:53;2
729;1;1;1;OK;Statut : OK;FALSE;2025-05-01 17:26:53;2;2025-05-01 17:26:53;2
730;1;1;1;OK;Statut : OK;FALSE;2025-05-02 17:26:53;2;2025-05-02 17:26:53;2
731;1;1;1;OK;Statut : OK;FALSE;2025-05-03 17:26:53;2;2025-05-03 17:26:53;2
732;1;1;1;OK;Statut : OK;FALSE;2025-05-04 17:26:53;2;2025-05-04 17:26:53;2
733;1;1;1;OK;Statut : OK;FALSE;2025-05-05 17:26:53;2;2025-05-05 17:26:53;2
734;1;1;1;OK;Statut : OK;FALSE;2025-05-06 17:26:53;2;2025-05-06 17:26:53;2
735;1;1;1;OK;Statut : OK;FALSE;2025-05-07 17:26:53;2;2025-05-07 17:26:53;2
736;1;1;1;OK;Statut : OK;FALSE;2025-05-08 17:26:53;2;2025-05-08 17:26:53;2
737;1;1;1;OK;Statut : OK;FALSE;2025-05-09 17:26:53;2;2025-05-09 17:26:53;2
738;1;1;1;OK;Statut : OK;FALSE;2025-05-10 17:26:53;2;2025-05-10 17:26:53;2
739;1;1;1;OK;Statut : OK;FALSE;2025-05-11 17:26:53;2;2025-05-11 17:26:53;2
740;1;1;1;OK;Statut : OK;FALSE;2025-05-12 17:26:53;2;2025-05-12 17:26:53;2
741;1;1;1;OK;Statut : OK;FALSE;2025-05-13 17:26:53;2;2025-05-13 17:26:53;2
742;1;1;1;OK;Statut : OK;FALSE;2025-05-14 17:26:53;2;2025-05-14 17:26:53;2
743;1;1;1;OK;Statut : OK;FALSE;2025-05-15 17:26:53;2;2025-05-15 17:26:53;2
744;1;1;1;OK;Statut : OK;FALSE;2025-05-16 17:26:53;2;2025-05-16 17:26:53;2
745;1;1;1;OK;Statut : OK;FALSE;2025-05-17 17:26:53;2;2025-05-17 17:26:53;2
746;1;1;1;OK;Statut : OK;FALSE;2025-05-18 17:26:53;2;2025-05-18 17:26:53;2
747;1;1;1;OK;Statut : OK;FALSE;2025-05-19 17:26:53;2;2025-05-19 17:26:53;2
748;1;1;1;OK;Statut : OK;FALSE;2025-05-20 17:26:53;2;2025-05-20 17:26:53;2
749;1;1;1;OK;Statut : OK;FALSE;2025-05-21 17:26:53;2;2025-05-21 17:26:53;2
750;1;1;1;OK;Statut : OK;FALSE;2025-05-22 17:26:53;2;2025-05-22 17:26:53;2
751;1;1;1;OK;Statut : OK;FALSE;2025-05-23 17:26:53;2;2025-05-23 17:26:53;2
752;1;1;1;OK;Statut : OK;FALSE;2025-05-24 17:26:53;2;2025-05-24 17:26:53;2
753;1;1;1;OK;Statut : OK;FALSE;2025-05-25 17:26:53;2;2025-05-25 17:26:53;2
754;1;1;1;OK;Statut : OK;FALSE;2025-05-26 17:26:53;2;2025-05-26 17:26:53;2
755;1;1;1;OK;Statut : OK;FALSE;2025-05-27 17:26:53;2;2025-05-27 17:26:53;2
756;1;1;1;OK;Statut : OK;FALSE;2025-05-28 17:26:53;2;2025-05-28 17:26:53;2
757;1;1;1;OK;Statut : OK;FALSE;2025-05-29 17:26:53;2;2025-05-29 17:26:53;2
758;1;1;1;OK;Statut : OK;FALSE;2025-05-30 17:26:53;2;2025-05-30 17:26:53;2
759;1;1;1;OK;Statut : OK;FALSE;2025-05-31 17:26:53;2;2025-05-31 17:26:53;2
760;1;1;1;OK;Statut : OK;FALSE;2025-06-01 17:26:53;2;2025-06-01 17:26:53;2
761;1;1;1;OK;Statut : OK;FALSE;2025-06-02 17:26:53;2;2025-06-02 17:26:53;2
762;1;1;1;OK;Statut : OK;FALSE;2025-06-03 17:26:53;2;2025-06-03 17:26:53;2
763;1;1;1;OK;Statut : OK;FALSE;2025-06-04 17:26:53;2;2025-06-04 17:26:53;2
764;1;1;1;ERROR;Statut : ERROR;FALSE;2025-06-05 17:26:53;2;2025-06-05 17:26:53;2
765;1;1;1;OK;Statut : OK;FALSE;2025-06-06 17:26:53;2;2025-06-06 17:26:53;2
766;1;1;1;OK;Statut : OK;FALSE;2025-06-07 17:26:53;2;2025-06-07 17:26:53;2
767;1;1;1;OK;Statut : OK;FALSE;2025-06-08 17:26:53;2;2025-06-08 17:26:53;2
768;1;1;1;OK;Statut : OK;FALSE;2025-06-09 17:26:53;2;2025-06-09 17:26:53;2
769;1;1;1;OK;Statut : OK;FALSE;2025-06-10 17:26:53;2;2025-06-10 17:26:53;2
770;1;1;1;OK;Statut : OK;FALSE;2025-06-11 17:26:53;2;2025-06-11 17:26:53;2
771;1;1;1;OK;Statut : OK;FALSE;2025-06-12 17:26:53;2;2025-06-12 17:26:53;2
772;1;1;1;OK;Statut : OK;FALSE;2025-06-13 17:26:53;2;2025-06-13 17:26:53;2
773;1;1;1;OK;Statut : OK;FALSE;2025-06-14 17:26:53;2;2025-06-14 17:26:53;2
774;1;1;1;OK;Statut : OK;FALSE;2025-06-15 17:26:53;2;2025-06-15 17:26:53;2
775;1;1;1;OK;Statut : OK;FALSE;2025-06-16 17:26:53;2;2025-06-16 17:26:53;2
776;1;1;1;OK;Statut : OK;FALSE;2025-06-17 17:26:53;2;2025-06-17 17:26:53;2
777;1;1;1;OK;Statut : OK;FALSE;2025-06-18 17:26:53;2;2025-06-18 17:26:53;2
778;1;1;1;OK;Statut : OK;FALSE;2025-06-19 17:26:53;2;2025-06-19 17:26:53;2
779;1;1;1;OK;Statut : OK;FALSE;2025-06-20 17:26:53;2;2025-06-20 17:26:53;2
780;1;1;1;OK;Statut : OK;FALSE;2025-06-21 17:26:53;2;2025-06-21 17:26:53;2
781;1;1;1;OK;Statut : OK;FALSE;2025-06-22 17:26:53;2;2025-06-22 17:26:53;2
782;1;1;1;OK;Statut : OK;FALSE;2025-06-23 17:26:53;2;2025-06-23 17:26:53;2
783;1;1;1;OK;Statut : OK;FALSE;2025-06-24 17:26:53;2;2025-06-24 17:26:53;2
784;1;1;1;WARN;Statut : WARN;FALSE;2025-06-25 17:26:53;2;2025-06-25 17:26:53;2
785;1;1;1;OK;Statut : OK;FALSE;2025-06-26 17:26:53;2;2025-06-26 17:26:53;2
786;1;1;1;OK;Statut : OK;FALSE;2025-06-27 17:26:53;2;2025-06-27 17:26:53;2
787;1;1;1;OK;Statut : OK;FALSE;2025-06-28 17:26:53;2;2025-06-28 17:26:53;2
788;1;1;1;OK;Statut : OK;FALSE;2025-06-29 17:26:53;2;2025-06-29 17:26:53;2
789;1;1;1;OK;Statut : OK;FALSE;2025-06-30 17:26:53;2;2025-06-30 17:26:53;2
790;1;1;1;OK;Statut : OK;FALSE;2025-07-01 17:26:53;2;2025-07-01 17:26:53;2
791;1;1;1;OK;Statut : OK;FALSE;2025-07-02 17:26:53;2;2025-07-02 17:26:53;2
792;1;1;1;OK;Statut : OK;FALSE;2025-07-03 17:26:53;2;2025-07-03 17:26:53;2
793;1;1;1;OK;Statut : OK;FALSE;2025-07-04 17:26:53;2;2025-07-04 17:26:53;2
794;1;1;1;OK;Statut : OK;FALSE;2025-07-05 17:26:53;2;2025-07-05 17:26:53;2
795;1;1;1;OK;Statut : OK;FALSE;2025-07-06 17:26:53;2;2025-07-06 17:26:53;2
796;1;1;1;OK;Statut : OK;FALSE;2025-07-07 17:26:53;2;2025-07-07 17:26:53;2
797;1;1;1;OK;Statut : OK;FALSE;2025-07-08 17:26:53;2;2025-07-08 17:26:53;2
798;1;1;1;OK;Statut : OK;FALSE;2025-07-09 17:26:53;2;2025-07-09 17:26:53;2
799;1;1;1;OK;Statut : OK;FALSE;2025-07-10 17:26:53;2;2025-07-10 17:26:53;2
800;1;1;1;OK;Statut : OK;FALSE;2025-07-11 17:26:53;2;2025-07-11 17:26:53;2
801;1;1;1;OK;Statut : OK;FALSE;2025-07-12 17:26:53;2;2025-07-12 17:26:53;2
802;1;1;1;OK;Statut : OK;FALSE;2025-07-13 17:26:53;2;2025-07-13 17:26:53;2
803;1;1;1;OK;Statut : OK;FALSE;2025-07-14 17:26:53;2;2025-07-14 17:26:53;2
804;1;1;1;OK;Statut : OK;FALSE;2025-07-15 17:26:53;2;2025-07-15 17:26:53;2
805;1;1;1;OK;Statut : OK;FALSE;2025-07-16 17:26:53;2;2025-07-16 17:26:53;2
806;1;1;1;OK;Statut : OK;FALSE;2025-07-17 17:26:53;2;2025-07-17 17:26:53;2
807;1;1;1;OK;Statut : OK;FALSE;2025-07-18 17:26:53;2;2025-07-18 17:26:53;2
808;1;1;1;OK;Statut : OK;FALSE;2025-07-19 17:26:53;2;2025-07-19 17:26:53;2
809;1;1;1;OK;Statut : OK;FALSE;2025-07-20 17:26:53;2;2025-07-20 17:26:53;2
810;1;1;1;OK;Statut : OK;FALSE;2025-07-21 17:26:53;2;2025-07-21 17:26:53;2
811;1;1;1;OK;Statut : OK;FALSE;2025-07-22 17:26:53;2;2025-07-22 17:26:53;2
812;1;1;1;OK;Statut : OK;FALSE;2025-07-23 17:26:53;2;2025-07-23 17:26:53;2
813;1;1;1;ERROR;Statut : ERROR;FALSE;2025-07-24 17:26:53;2;2025-07-24 17:26:53;2
814;1;1;1;OK;Statut : OK;FALSE;2025-07-25 17:26:53;2;2025-07-25 17:26:53;2
815;1;1;1;OK;Statut : OK;FALSE;2025-07-26 17:26:53;2;2025-07-26 17:26:53;2
816;1;1;1;OK;Statut : OK;FALSE;2025-07-27 17:26:53;2;2025-07-27 17:26:53;2
817;1;1;1;OK;Statut : OK;FALSE;2025-07-28 17:26:53;2;2025-07-28 17:26:53;2
818;1;1;1;OK;Statut : OK;FALSE;2025-07-29 17:26:53;2;2025-07-29 17:26:53;2
819;1;1;1;OK;Statut : OK;FALSE;2025-07-30 17:26:53;2;2025-07-30 17:26:53;2
820;1;1;1;OK;Statut : OK;FALSE;2025-07-31 17:26:53;2;2025-07-31 17:26:53;2
821;1;1;1;OK;Statut : OK;FALSE;2025-08-01 17:26:53;2;2025-08-01 17:26:53;2
822;1;1;1;OK;Statut : OK;FALSE;2025-08-02 17:26:53;2;2025-08-02 17:26:53;2
823;1;1;1;WARN;Statut : WARN;FALSE;2025-08-03 17:26:53;2;2025-08-03 17:26:53;2
824;1;1;1;WARN;Statut : WARN;FALSE;2025-08-04 17:26:53;2;2025-08-04 17:26:53;2
825;1;1;1;OK;Statut : OK;FALSE;2025-08-05 17:26:53;2;2025-08-05 17:26:53;2
826;1;1;1;OK;Statut : OK;FALSE;2025-08-06 17:26:53;2;2025-08-06 17:26:53;2
827;1;1;1;OK;Statut : OK;FALSE;2025-08-07 17:26:53;2;2025-08-07 17:26:53;2
828;1;1;1;OK;Statut : OK;FALSE;2025-08-08 17:26:53;2;2025-08-08 17:26:53;2
829;1;1;1;OK;Statut : OK;FALSE;2025-08-09 17:26:53;2;2025-08-09 17:26:53;2
830;1;1;1;OK;Statut : OK;FALSE;2025-08-10 17:26:53;2;2025-08-10 17:26:53;2
831;1;1;1;OK;Statut : OK;FALSE;2025-08-11 17:26:53;2;2025-08-11 17:26:53;2
832;1;1;1;OK;Statut : OK;FALSE;2025-08-12 17:26:53;2;2025-08-12 17:26:53;2
833;1;1;1;OK;Statut : OK;FALSE;2025-08-13 17:26:53;2;2025-08-13 17:26:53;2
834;1;1;1;OK;Statut : OK;FALSE;2025-08-14 17:26:53;2;2025-08-14 17:26:53;2
835;1;1;1;WARN;Statut : WARN;FALSE;2025-08-15 17:26:53;2;2025-08-15 17:26:53;2
836;1;1;1;OK;Statut : OK;FALSE;2025-08-16 17:26:53;2;2025-08-16 17:26:53;2
837;1;1;1;OK;Statut : OK;FALSE;2025-08-17 17:26:53;2;2025-08-17 17:26:53;2
838;1;1;1;OK;Statut : OK;FALSE;2025-08-18 17:26:53;2;2025-08-18 17:26:53;2
839;1;1;1;OK;Statut : OK;FALSE;2025-08-19 17:26:53;2;2025-08-19 17:26:53;2
840;1;1;1;OK;Statut : OK;FALSE;2025-08-20 17:26:53;2;2025-08-20 17:26:53;2
841;1;1;1;OK;Statut : OK;FALSE;2025-08-21 17:26:53;2;2025-08-21 17:26:53;2
842;1;1;1;OK;Statut : OK;FALSE;2025-08-22 17:26:53;2;2025-08-22 17:26:53;2
843;1;1;1;OK;Statut : OK;FALSE;2025-08-23 17:26:53;2;2025-08-23 17:26:53;2
844;1;1;1;OK;Statut : OK;FALSE;2025-08-24 17:26:53;2;2025-08-24 17:26:53;2
845;1;1;1;OK;Statut : OK;FALSE;2025-08-25 17:26:53;2;2025-08-25 17:26:53;2
846;1;1;1;OK;Statut : OK;FALSE;2025-08-26 17:26:53;2;2025-08-26 17:26:53;2
847;1;1;1;OK;Statut : OK;FALSE;2025-08-27 17:26:53;2;2025-08-27 17:26:53;2
848;1;1;1;OK;Statut : OK;FALSE;2025-08-28 17:26:53;2;2025-08-28 17:26:53;2
849;1;1;1;OK;Statut : OK;FALSE;2025-08-29 17:26:53;2;2025-08-29 17:26:53;2
850;1;1;1;OK;Statut : OK;FALSE;2025-08-30 17:26:53;2;2025-08-30 17:26:53;2
851;1;1;1;OK;Statut : OK;FALSE;2025-08-31 17:26:53;2;2025-08-31 17:26:53;2
852;1;1;1;OK;Statut : OK;FALSE;2025-09-01 17:26:53;2;2025-09-01 17:26:53;2
853;1;1;1;OK;Statut : OK;FALSE;2025-09-02 17:26:53;2;2025-09-02 17:26:53;2
854;1;1;1;OK;Statut : OK;FALSE;2025-09-03 17:26:53;2;2025-09-03 17:26:53;2
855;1;1;1;OK;Statut : OK;FALSE;2025-09-04 17:26:53;2;2025-09-04 17:26:53;2
856;1;1;1;OK;Statut : OK;FALSE;2025-09-05 17:26:53;2;2025-09-05 17:26:53;2
857;1;1;1;WARN;Statut : WARN;FALSE;2025-09-06 17:26:53;2;2025-09-06 17:26:53;2
858;1;1;1;OK;Statut : OK;FALSE;2025-09-07 17:26:53;2;2025-09-07 17:26:53;2
859;1;1;1;OK;Statut : OK;FALSE;2025-09-08 17:26:53;2;2025-09-08 17:26:53;2
860;1;1;1;OK;Statut : OK;FALSE;2025-09-09 17:26:53;2;2025-09-09 17:26:53;2
861;1;1;1;OK;Statut : OK;FALSE;2025-09-10 17:26:53;2;2025-09-10 17:26:53;2
862;1;1;1;OK;Statut : OK;FALSE;2025-09-11 17:26:53;2;2025-09-11 17:26:53;2
863;1;1;1;OK;Statut : OK;FALSE;2025-09-12 17:26:53;2;2025-09-12 17:26:53;2
864;1;1;1;OK;Statut : OK;FALSE;2025-09-13 17:26:53;2;2025-09-13 17:26:53;2
865;1;1;1;OK;Statut : OK;FALSE;2025-09-14 17:26:53;2;2025-09-14 17:26:53;2
866;1;1;1;OK;Statut : OK;FALSE;2025-09-15 17:26:53;2;2025-09-15 17:26:53;2
867;1;1;1;OK;Statut : OK;FALSE;2025-09-16 17:26:53;2;2025-09-16 17:26:53;2
868;1;1;1;OK;Statut : OK;FALSE;2025-09-17 17:26:53;2;2025-09-17 17:26:53;2
869;1;1;1;OK;Statut : OK;FALSE;2025-09-18 17:26:53;2;2025-09-18 17:26:53;2
870;1;1;1;OK;Statut : OK;FALSE;2025-09-19 17:26:53;2;2025-09-19 17:26:53;2
871;1;1;1;OK;Statut : OK;FALSE;2025-09-20 17:26:53;2;2025-09-20 17:26:53;2
872;1;1;1;OK;Statut : OK;FALSE;2025-09-21 17:26:53;2;2025-09-21 17:26:53;2
873;1;1;1;OK;Statut : OK;FALSE;2025-09-22 17:26:53;2;2025-09-22 17:26:53;2
874;1;1;1;WARN;Statut : WARN;FALSE;2025-09-23 17:26:53;2;2025-09-23 17:26:53;2
875;1;1;1;OK;Statut : OK;FALSE;2025-09-24 17:26:53;2;2025-09-24 17:26:53;2
876;1;1;1;OK;Statut : OK;FALSE;2025-09-25 17:26:53;2;2025-09-25 17:26:53;2
877;1;1;1;OK;Statut : OK;FALSE;2025-09-26 17:26:53;2;2025-09-26 17:26:53;2
878;1;1;1;OK;Statut : OK;FALSE;2025-09-27 17:26:53;2;2025-09-27 17:26:53;2
879;1;1;1;OK;Statut : OK;FALSE;2025-09-28 17:26:53;2;2025-09-28 17:26:53;2
880;1;1;1;OK;Statut : OK;FALSE;2025-09-29 17:26:53;2;2025-09-29 17:26:53;2
881;1;1;1;OK;Statut : OK;FALSE;2025-09-30 17:26:53;2;2025-09-30 17:26:53;2
882;1;1;1;OK;Statut : OK;FALSE;2025-10-01 17:26:53;2;2025-10-01 17:26:53;2
883;1;1;1;OK;Statut : OK;FALSE;2025-10-02 17:26:53;2;2025-10-02 17:26:53;2
884;1;1;1;OK;Statut : OK;FALSE;2025-10-03 17:26:53;2;2025-10-03 17:26:53;2
885;1;1;1;OK;Statut : OK;FALSE;2025-10-04 17:26:53;2;2025-10-04 17:26:53;2
886;1;1;1;OK;Statut : OK;FALSE;2025-10-05 17:26:53;2;2025-10-05 17:26:53;2
887;1;1;1;OK;Statut : OK;FALSE;2025-10-06 17:26:53;2;2025-10-06 17:26:53;2
888;1;1;1;OK;Statut : OK;FALSE;2025-10-07 17:26:53;2;2025-10-07 17:26:53;2
889;1;1;1;OK;Statut : OK;FALSE;2025-10-08 17:26:53;2;2025-10-08 17:26:53;2
890;1;1;1;OK;Statut : OK;FALSE;2025-10-09 17:26:53;2;2025-10-09 17:26:53;2
891;1;1;1;OK;Statut : OK;FALSE;2025-10-10 17:26:53;2;2025-10-10 17:26:53;2
892;1;1;1;OK;Statut : OK;FALSE;2025-10-11 17:26:53;2;2025-10-11 17:26:53;2
893;1;1;1;OK;Statut : OK;FALSE;2025-10-12 17:26:53;2;2025-10-12 17:26:53;2
894;1;1;1;WARN;Statut : WARN;FALSE;2025-10-13 17:26:53;2;2025-10-13 17:26:53;2
895;1;1;1;OK;Statut : OK;FALSE;2025-10-14 17:26:53;2;2025-10-14 17:26:53;2
896;1;1;1;OK;Statut : OK;FALSE;2025-10-15 17:26:53;2;2025-10-15 17:26:53;2
897;1;1;1;OK;Statut : OK;FALSE;2025-10-16 17:26:53;2;2025-10-16 17:26:53;2
898;1;1;1;OK;Statut : OK;FALSE;2025-10-17 17:26:53;2;2025-10-17 17:26:53;2
899;1;1;1;OK;Statut : OK;FALSE;2025-10-18 17:26:53;2;2025-10-18 17:26:53;2
900;1;1;1;WARN;Statut : WARN;FALSE;2025-10-19 17:26:53;2;2025-10-19 17:26:53;2
901;1;1;1;WARN;Statut : WARN;FALSE;2025-10-20 17:26:53;2;2025-10-20 17:26:53;2
902;1;1;1;OK;Statut : OK;FALSE;2025-10-21 17:26:53;2;2025-10-21 17:26:53;2
903;1;1;1;OK;Statut : OK;FALSE;2025-10-22 17:26:53;2;2025-10-22 17:26:53;2
904;1;1;1;OK;Statut : OK;FALSE;2025-10-23 17:26:53;2;2025-10-23 17:26:53;2
905;1;1;1;OK;Statut : OK;FALSE;2025-10-24 17:26:53;2;2025-10-24 17:26:53;2
906;1;1;1;OK;Statut : OK;FALSE;2025-10-25 17:26:53;2;2025-10-25 17:26:53;2
907;1;1;1;OK;Statut : OK;FALSE;2025-10-26 17:26:53;2;2025-10-26 17:26:53;2
908;1;1;1;OK;Statut : OK;FALSE;2025-10-27 17:26:53;2;2025-10-27 17:26:53;2
909;1;1;1;OK;Statut : OK;FALSE;2025-10-28 17:26:53;2;2025-10-28 17:26:53;2
910;1;1;1;OK;Statut : OK;FALSE;2025-10-29 17:26:53;2;2025-10-29 17:26:53;2
911;1;1;1;OK;Statut : OK;FALSE;2025-10-30 17:26:53;2;2025-10-30 17:26:53;2
912;1;1;1;OK;Statut : OK;FALSE;2025-10-31 17:26:53;2;2025-10-31 17:26:53;2
913;1;1;1;WARN;Statut : WARN;FALSE;2025-11-01 17:26:53;2;2025-11-01 17:26:53;2
914;1;1;1;OK;Statut : OK;FALSE;2025-11-02 17:26:53;2;2025-11-02 17:26:53;2
915;1;1;1;OK;Statut : OK;FALSE;2025-11-03 17:26:53;2;2025-11-03 17:26:53;2
916;1;1;1;OK;Statut : OK;FALSE;2025-11-04 17:26:53;2;2025-11-04 17:26:53;2
917;1;1;1;OK;Statut : OK;FALSE;2025-11-05 17:26:53;2;2025-11-05 17:26:53;2
918;1;1;1;OK;Statut : OK;FALSE;2025-11-06 17:26:53;2;2025-11-06 17:26:53;2
919;1;1;1;OK;Statut : OK;FALSE;2025-11-07 17:26:53;2;2025-11-07 17:26:53;2
920;1;1;1;OK;Statut : OK;FALSE;2025-11-08 17:26:53;2;2025-11-08 17:26:53;2
921;1;1;1;OK;Statut : OK;FALSE;2025-11-09 17:26:53;2;2025-11-09 17:26:53;2
922;1;1;1;OK;Statut : OK;FALSE;2025-11-10 17:26:53;2;2025-11-10 17:26:53;2
923;1;1;1;OK;Statut : OK;FALSE;2025-11-11 17:26:53;2;2025-11-11 17:26:53;2
924;1;1;1;OK;Statut : OK;FALSE;2025-11-12 17:26:53;2;2025-11-12 17:26:53;2
925;1;1;1;OK;Statut : OK;FALSE;2025-11-13 17:26:53;2;2025-11-13 17:26:53;2
926;1;1;1;OK;Statut : OK;FALSE;2025-11-14 17:26:53;2;2025-11-14 17:26:53;2
927;1;1;1;OK;Statut : OK;FALSE;2025-11-15 17:26:53;2;2025-11-15 17:26:53;2
928;1;1;1;OK;Statut : OK;FALSE;2025-11-16 17:26:53;2;2025-11-16 17:26:53;2
929;1;1;1;OK;Statut : OK;FALSE;2025-11-17 17:26:53;2;2025-11-17 17:26:53;2
930;1;1;1;OK;Statut : OK;FALSE;2025-11-18 17:26:53;2;2025-11-18 17:26:53;2
931;1;1;1;WARN;Statut : WARN;FALSE;2025-11-19 17:26:53;2;2025-11-19 17:26:53;2
932;1;1;1;OK;Statut : OK;FALSE;2025-11-20 17:26:53;2;2025-11-20 17:26:53;2
933;1;1;1;OK;Statut : OK;FALSE;2025-11-21 17:26:53;2;2025-11-21 17:26:53;2
934;1;1;1;OK;Statut : OK;FALSE;2025-11-22 17:26:53;2;2025-11-22 17:26:53;2
935;1;1;1;OK;Statut : OK;FALSE;2025-11-23 17:26:53;2;2025-11-23 17:26:53;2
936;1;1;1;OK;Statut : OK;FALSE;2025-11-24 17:26:53;2;2025-11-24 17:26:53;2
937;1;1;1;OK;Statut : OK;FALSE;2025-11-25 17:26:53;2;2025-11-25 17:26:53;2
938;1;1;1;OK;Statut : OK;FALSE;2025-11-26 17:26:53;2;2025-11-26 17:26:53;2
939;1;1;1;OK;Statut : OK;FALSE;2025-11-27 17:26:53;2;2025-11-27 17:26:53;2
940;1;1;1;OK;Statut : OK;FALSE;2025-11-28 17:26:53;2;2025-11-28 17:26:53;2
941;1;1;1;OK;Statut : OK;FALSE;2025-11-29 17:26:53;2;2025-11-29 17:26:53;2
942;1;1;1;OK;Statut : OK;FALSE;2025-11-30 17:26:53;2;2025-11-30 17:26:53;2
943;1;1;1;OK;Statut : OK;FALSE;2025-12-01 17:26:53;2;2025-12-01 17:26:53;2
944;1;1;1;OK;Statut : OK;FALSE;2025-12-02 17:26:53;2;2025-12-02 17:26:53;2
945;1;1;1;OK;Statut : OK;FALSE;2025-12-03 17:26:53;2;2025-12-03 17:26:53;2
946;1;1;1;OK;Statut : OK;FALSE;2025-12-04 17:26:53;2;2025-12-04 17:26:53;2
947;1;1;1;OK;Statut : OK;FALSE;2025-12-05 17:26:53;2;2025-12-05 17:26:53;2
948;1;1;1;OK;Statut : OK;FALSE;2025-12-06 17:26:53;2;2025-12-06 17:26:53;2
949;1;1;1;OK;Statut : OK;FALSE;2025-12-07 17:26:53;2;2025-12-07 17:26:53;2
950;1;1;1;OK;Statut : OK;FALSE;2025-12-08 17:26:53;2;2025-12-08 17:26:53;2
951;1;1;1;OK;Statut : OK;FALSE;2025-12-09 17:26:53;2;2025-12-09 17:26:53;2
952;1;1;1;OK;Statut : OK;FALSE;2025-12-10 17:26:53;2;2025-12-10 17:26:53;2
953;1;1;1;OK;Statut : OK;FALSE;2025-12-11 17:26:53;2;2025-12-11 17:26:53;2
954;1;1;1;OK;Statut : OK;FALSE;2025-12-12 17:26:53;2;2025-12-12 17:26:53;2
955;1;1;1;OK;Statut : OK;FALSE;2025-12-13 17:26:53;2;2025-12-13 17:26:53;2
956;1;1;1;OK;Statut : OK;FALSE;2025-12-14 17:26:53;2;2025-12-14 17:26:53;2
957;1;1;1;OK;Statut : OK;FALSE;2025-12-15 17:26:53;2;2025-12-15 17:26:53;2
958;1;1;1;OK;Statut : OK;FALSE;2025-12-16 17:26:53;2;2025-12-16 17:26:53;2
959;1;1;1;OK;Statut : OK;FALSE;2025-12-17 17:26:53;2;2025-12-17 17:26:53;2
960;1;1;1;OK;Statut : OK;FALSE;2025-12-18 17:26:53;2;2025-12-18 17:26:53;2
961;1;1;1;OK;Statut : OK;FALSE;2025-12-19 17:26:53;2;2025-12-19 17:26:53;2
962;1;1;1;OK;Statut : OK;FALSE;2025-12-20 17:26:53;2;2025-12-20 17:26:53;2
963;1;1;1;OK;Statut : OK;FALSE;2025-12-21 17:26:53;2;2025-12-21 17:26:53;2
964;1;1;1;OK;Statut : OK;FALSE;2025-12-22 17:26:53;2;2025-12-22 17:26:53;2
965;1;1;1;OK;Statut : OK;FALSE;2025-12-23 17:26:53;2;2025-12-23 17:26:53;2
966;1;1;1;OK;Statut : OK;FALSE;2025-12-24 17:26:53;2;2025-12-24 17:26:53;2
967;1;1;1;OK;Statut : OK;FALSE;2025-12-25 17:26:53;2;2025-12-25 17:26:53;2
968;1;1;1;OK;Statut : OK;FALSE;2025-12-26 17:26:53;2;2025-12-26 17:26:53;2
969;1;1;1;OK;Statut : OK;FALSE;2025-12-27 17:26:53;2;2025-12-27 17:26:53;2
970;1;1;1;OK;Statut : OK;FALSE;2025-12-28 17:26:53;2;2025-12-28 17:26:53;2
971;1;1;1;OK;Statut : OK;FALSE;2025-12-29 17:26:53;2;2025-12-29 17:26:53;2
972;1;1;1;OK;Statut : OK;FALSE;2025-12-30 17:26:53;2;2025-12-30 17:26:53;2
973;1;1;1;ERROR;Statut : ERROR;FALSE;2025-12-31 17:26:53;2;2025-12-31 17:26:53;2
974;1;1;1;OK;Statut : OK;FALSE;2026-01-01 17:26:53;2;2026-01-01 17:26:53;2
975;1;1;1;OK;Statut : OK;FALSE;2026-01-02 17:26:53;2;2026-01-02 17:26:53;2
976;1;1;1;OK;Statut : OK;FALSE;2026-01-03 17:26:53;2;2026-01-03 17:26:53;2
977;1;1;1;OK;Statut : OK;FALSE;2026-01-04 17:26:53;2;2026-01-04 17:26:53;2
978;1;1;1;OK;Statut : OK;FALSE;2026-01-05 17:26:53;2;2026-01-05 17:26:53;2
979;1;1;1;OK;Statut : OK;FALSE;2026-01-06 17:26:53;2;2026-01-06 17:26:53;2
980;1;1;1;OK;Statut : OK;FALSE;2026-01-07 17:26:53;2;2026-01-07 17:26:53;2
981;1;1;1;OK;Statut : OK;FALSE;2026-01-08 17:26:53;2;2026-01-08 17:26:53;2
982;1;1;1;OK;Statut : OK;FALSE;2026-01-09 17:26:53;2;2026-01-09 17:26:53;2
983;1;1;1;OK;Statut : OK;FALSE;2026-01-10 17:26:53;2;2026-01-10 17:26:53;2
984;1;1;1;OK;Statut : OK;FALSE;2026-01-11 17:26:53;2;2026-01-11 17:26:53;2
985;1;1;1;OK;Statut : OK;FALSE;2026-01-12 17:26:53;2;2026-01-12 17:26:53;2
986;1;1;1;OK;Statut : OK;FALSE;2026-01-13 17:26:53;2;2026-01-13 17:26:53;2
987;1;1;1;OK;Statut : OK;FALSE;2026-01-14 17:26:53;2;2026-01-14 17:26:53;2
988;1;1;1;OK;Statut : OK;FALSE;2026-01-15 17:26:53;2;2026-01-15 17:26:53;2
989;1;1;1;OK;Statut : OK;FALSE;2026-01-16 17:26:53;2;2026-01-16 17:26:53;2
990;1;1;1;OK;Statut : OK;FALSE;2026-01-17 17:26:53;2;2026-01-17 17:26:53;2
991;1;1;1;OK;Statut : OK;FALSE;2026-01-18 17:26:53;2;2026-01-18 17:26:53;2
992;1;1;1;OK;Statut : OK;FALSE;2026-01-19 17:26:53;2;2026-01-19 17:26:53;2
993;1;1;1;OK;Statut : OK;FALSE;2026-01-20 17:26:53;2;2026-01-20 17:26:53;2
994;1;1;1;OK;Statut : OK;FALSE;2026-01-21 17:26:53;2;2026-01-21 17:26:53;2
995;1;1;1;OK;Statut : OK;FALSE;2026-01-22 17:26:53;2;2026-01-22 17:26:53;2
996;1;1;1;OK;Statut : OK;FALSE;2026-01-23 17:26:53;2;2026-01-23 17:26:53;2
997;1;1;1;OK;Statut : OK;FALSE;2026-01-24 17:26:53;2;2026-01-24 17:26:53;2
998;1;1;1;OK;Statut : OK;FALSE;2026-01-25 17:26:53;2;2026-01-25 17:26:53;2
999;1;1;1;OK;Statut : OK;FALSE;2026-01-26 17:26:53;2;2026-01-26 17:26:53;2
1000;1;1;1;OK;Statut : OK;FALSE;2026-01-27 17:26:53;2;2026-01-27 17:26:53;2
